eleve_id,niveau_actuel,notes_n2,notes_n1,notes_actuelle,annee_partielle,tendance_notes,serie,riasec_R,riasec_I,riasec_A,riasec_S,riasec_E,riasec_C,moyenne_generale,filiere_choisie,score_60_40,match_riasec,ecart_notes_seuil,nb_consultations,en_favori,score_similarite_recherche,statut,satisfaction
0,BAC_2,11.44,13.84,13.85,False,1.205,C,0.88,0.715,0.097,1.0,0.78,0.806,13.04,Agronomie,0.836,0.924,2.04,11,False,0.699,ADMIS,4
1,BAC_1,13.1,14.12,14.32,True,0.61,C,0.804,0.525,1.0,0.841,0.375,0.999,13.85,Lettres,0.871,0.862,3.85,2,False,0.622,ADMIS,3
2,LYCEE_TLE,10.74,9.55,10.86,False,0.058,C,0.813,0.684,0.963,0.816,0.499,1.0,10.38,Lettres,0.737,0.87,0.38,9,True,0.716,ADMIS,3
3,LYCEE_TLE,15.42,15.41,17.44,False,1.014,D,0.206,1.0,0.885,0.84,0.504,0.732,16.09,Lettres,0.969,0.948,6.09,11,False,0.669,ADMIS,4
4,COLLEGE,14.51,13.64,9.63,True,-2.44,NA,0.922,1.0,0.156,0.618,0.121,0.75,12.59,Communication,0.0,0.554,2.59,6,False,0.834,REORIENTE,3
5,LYCEE_TLE,8.52,12.03,9.99,False,0.736,G,0.311,0.55,0.273,1.0,0.176,0.048,10.18,Communication,0.668,0.769,0.18,11,False,0.732,ADMIS,5
6,LYCEE_1ERE,12.74,13.77,15.37,False,1.316,D,0.152,0.63,0.863,0.723,0.248,1.0,13.96,Lettres,0.903,0.908,3.96,4,False,0.535,ADMIS,3
7,BAC_2,15.21,18.41,16.81,False,0.796,D,0.476,0.431,0.491,0.752,1.0,0.523,16.81,Gestion_Commerce,0.957,0.929,6.81,10,False,0.851,ADMIS,4
8,LYCEE_1ERE,13.6,13.27,11.92,False,-0.841,D,0.499,0.059,0.448,0.628,0.122,1.0,12.93,Lettres,0.714,0.661,2.93,9,False,0.645,ADMIS,5
9,BAC_3,11.8,11.71,12.8,False,0.5,C,0.387,0.631,1.0,0.769,0.948,0.628,12.1,Communication,0.858,0.956,2.1,7,False,0.753,ADMIS,5
10,BAC_1,15.41,14.53,13.23,False,-1.092,G,0.155,0.151,0.113,0.85,0.541,1.0,14.39,Gestion_Commerce,0.898,0.871,4.39,2,False,0.805,ADMIS,5
11,BAC_2,7.95,8.2,8.74,True,0.398,C,0.499,0.482,0.329,1.0,0.851,0.12,8.29,Gestion_Commerce,0.61,0.798,-1.71,11,False,0.682,REORIENTE,4
12,BAC_1,10.21,9.79,6.57,True,-1.821,G,0.158,0.749,0.197,0.276,0.724,1.0,8.85,Gestion_Commerce,0.683,0.882,-1.15,6,True,0.737,ADMIS,3
13,BAC_1,14.24,11.31,11.6,False,-1.32,D,0.7,0.695,0.37,1.0,0.539,0.061,12.38,Lettres,0.743,0.747,2.38,10,True,0.721,ADMIS,4
14,LYCEE_TLE,6.0,12.13,9.04,False,1.52,D,0.017,0.966,1.0,0.435,0.179,0.701,9.06,Lettres,0.737,0.957,-0.94,10,False,0.906,ADMIS,3
15,BAC_3,8.14,9.04,7.3,True,-0.42,A,0.397,0.498,0.836,1.0,0.841,0.143,8.16,Communication,0.703,0.961,-1.84,11,False,0.661,ADMIS,4
16,BAC_1,12.43,9.4,13.56,True,0.563,A,0.283,0.716,0.646,1.0,0.632,0.486,11.8,Communication,0.827,0.924,1.8,9,True,0.708,ADMIS,4
17,BAC_2,9.35,11.53,12.32,False,1.487,A,0.482,0.063,0.141,0.873,0.922,1.0,11.07,Gestion_Commerce,0.798,0.926,1.07,9,False,0.721,ADMIS,5
18,LYCEE_TLE,13.94,13.63,10.57,True,-1.684,C,0.137,0.576,1.0,0.703,0.597,0.393,12.71,Communication,0.9,0.987,2.71,10,False,0.698,ADMIS,4
19,BAC_2,12.49,11.74,11.71,False,-0.392,C,0.479,1.0,0.678,0.819,0.907,0.792,11.98,Communication,0.799,0.866,1.98,7,True,0.744,ADMIS,4
20,BAC_1,6.14,9.23,7.32,True,0.589,C,0.396,0.513,0.928,1.0,0.309,0.383,7.56,Communication,0.669,0.944,-2.44,2,True,0.869,ADMIS,4
21,BAC_1,15.76,16.13,12.2,True,-1.783,D,1.0,0.367,0.826,0.323,0.812,0.61,14.7,Gestion_Commerce,0.846,0.764,4.7,4,True,0.93,ADMIS,4
22,LYCEE_2ND,15.85,13.62,14.49,False,-0.68,NA,0.711,0.352,0.794,1.0,0.022,0.712,14.65,Lettres,0.0,0.825,4.65,1,False,0.27,ADMIS,5
23,BAC_2,11.62,11.34,12.17,True,0.276,G,0.527,0.646,0.016,1.0,0.654,0.512,11.71,Agronomie,0.745,0.861,0.71,10,True,0.893,ADMIS,4
24,BAC_2,11.19,12.27,12.57,True,0.691,G,0.648,0.524,1.0,0.954,0.672,0.989,12.01,Lettres,0.804,0.872,2.01,8,False,0.728,ADMIS,4
25,BAC_3,6.0,6.41,8.91,True,1.456,G,1.0,0.97,0.073,0.14,0.31,0.563,7.11,Agronomie,0.621,0.961,-3.89,8,False,0.688,ADMIS,4
26,LYCEE_1ERE,12.66,12.14,12.7,False,0.022,C,0.172,1.0,0.945,0.827,0.551,0.522,12.5,Lettres,0.878,0.964,2.5,10,True,0.798,ADMIS,3
27,LYCEE_TLE,12.24,11.29,12.59,True,0.178,E,0.674,0.813,0.859,0.229,1.0,0.474,12.04,Communication,0.78,0.83,2.04,7,True,0.824,ADMIS,5
28,BAC_2,10.54,11.36,12.02,False,0.736,C,0.619,0.794,0.561,1.0,0.462,0.713,11.31,Communication,0.754,0.837,1.31,9,False,0.784,ADMIS,5
29,BAC_3,14.92,14.8,14.58,False,-0.171,C,0.783,0.027,0.457,1.0,0.697,0.507,14.77,Communication,0.868,0.795,4.77,8,False,0.791,ADMIS,3
30,BAC_2,14.54,13.65,14.61,True,0.038,E,0.139,0.775,0.116,0.391,1.0,0.193,14.27,Gestion_Commerce,0.879,0.848,4.27,8,True,0.799,ADMIS,3
31,BAC_2,12.14,13.42,12.94,True,0.397,E,1.0,0.507,0.392,0.912,0.976,0.598,12.83,Gestion_Commerce,0.816,0.838,2.83,7,False,0.879,REORIENTE,1
32,LYCEE_1ERE,14.75,14.98,14.48,False,-0.135,E,0.144,0.104,0.214,0.213,1.0,0.484,14.74,Lettres,0.687,0.496,4.74,6,False,0.765,ADMIS,4
33,LYCEE_TLE,13.56,15.7,17.44,True,1.941,D,0.756,0.074,0.001,0.237,1.0,0.723,15.57,Gestion_Commerce,0.921,0.868,5.57,5,False,0.839,ADMIS,2
34,LYCEE_2ND,14.42,13.93,13.17,False,-0.625,NA,0.855,0.757,0.823,0.528,1.0,0.044,13.84,Droit,0.0,0.713,1.84,0,False,0.285,ADMIS,4
35,BAC_1,12.69,10.98,10.33,False,-1.182,A,0.371,0.223,0.119,1.0,0.68,0.414,11.33,Gestion_Commerce,0.761,0.846,1.33,10,False,0.745,ADMIS,5
36,LYCEE_TLE,12.28,14.84,15.22,False,1.468,G,0.851,0.007,0.057,1.0,0.827,0.039,14.11,Gestion_Commerce,0.775,0.684,4.11,11,False,0.542,ADMIS,2
37,LYCEE_TLE,11.47,12.93,12.95,False,0.737,A,0.909,0.958,0.325,0.347,1.0,0.027,12.45,Gestion_Commerce,0.708,0.683,2.45,4,False,1.0,ADMIS,5
38,COLLEGE,15.5,12.99,12.46,False,-1.521,NA,0.754,0.322,0.965,0.048,1.0,0.895,13.65,Genie_Civil,0.0,0.801,0.65,0,False,0.341,ADMIS,5
39,BAC_3,10.47,7.75,9.9,False,-0.285,C,0.196,0.297,1.0,0.098,0.899,0.734,9.37,Communication,0.68,0.842,-0.63,9,False,0.658,ADMIS,4
40,BAC_3,13.79,13.56,13.04,False,-0.378,C,0.054,0.168,0.069,0.214,0.623,1.0,13.46,Gestion_Commerce,0.878,0.899,3.46,8,True,0.815,ADMIS,4
41,LYCEE_TLE,12.56,15.19,12.11,True,-0.224,G,0.82,0.806,0.711,0.113,1.0,0.384,13.29,Communication,0.784,0.754,3.29,9,False,0.849,ADMIS,2
42,BAC_3,13.13,12.15,11.79,True,-0.668,C,0.116,1.0,0.162,0.207,0.305,0.554,12.35,Informatique,0.728,0.857,0.35,4,True,0.688,ADMIS,4
43,LYCEE_TLE,6.66,9.62,10.79,True,2.063,C,0.254,0.821,1.0,0.535,0.691,0.932,9.03,Communication,0.695,0.889,-0.97,9,False,0.724,ADMIS,4
44,LYCEE_1ERE,13.94,14.09,11.38,True,-1.281,A,1.0,0.424,0.879,0.718,0.202,0.185,13.14,Lettres,0.808,0.804,3.14,7,False,0.588,REORIENTE,3
45,LYCEE_1ERE,13.43,12.65,14.47,False,0.523,C,0.488,0.877,0.653,0.702,1.0,0.419,13.52,Lettres,0.842,0.836,3.52,5,False,0.826,ADMIS,4
46,BAC_2,12.81,10.89,12.96,False,0.079,E,0.262,0.058,1.0,0.353,0.714,0.876,12.22,Communication,0.802,0.856,2.22,11,True,0.804,ADMIS,3
47,BAC_1,10.4,12.93,10.27,False,-0.067,C,1.0,0.095,0.418,0.887,0.288,0.798,11.2,Agronomie,0.708,0.834,0.2,7,False,0.768,ADMIS,5
48,LYCEE_1ERE,11.9,11.91,8.57,False,-1.667,A,1.0,0.741,0.663,0.776,0.555,0.497,10.8,Lettres,0.716,0.808,0.8,9,False,0.729,REORIENTE,2
49,LYCEE_TLE,10.68,8.8,8.28,True,-1.2,C,0.202,0.946,0.31,0.182,0.293,1.0,9.25,Gestion_Commerce,0.585,0.691,-0.75,8,False,0.736,REORIENTE,1
50,BAC_1,9.77,13.02,14.63,False,2.431,D,1.0,0.53,0.57,0.649,0.795,0.077,12.47,Agronomie,0.797,0.897,1.47,5,False,0.558,ADMIS,5
51,BAC_3,13.15,13.34,14.85,False,0.849,C,0.289,0.252,0.265,0.586,1.0,0.997,13.78,Gestion_Commerce,0.939,0.979,3.78,7,False,0.66,ADMIS,4
52,BAC_1,10.91,12.11,11.2,False,0.145,A,0.482,0.27,1.0,0.419,0.099,0.084,11.41,Lettres,0.792,0.893,1.41,6,True,0.892,ADMIS,4
53,LYCEE_TLE,7.64,9.4,8.38,True,0.371,D,0.753,0.958,1.0,0.878,0.127,0.586,8.47,Lettres,0.692,0.922,-1.53,8,True,0.603,REORIENTE,3
54,BAC_2,8.58,10.18,10.31,False,0.867,C,0.526,0.322,1.0,0.756,0.381,0.18,9.69,Communication,0.756,0.947,-0.31,10,True,0.95,ADMIS,4
55,LYCEE_2ND,12.87,13.72,15.04,True,1.083,NA,1.0,0.553,0.16,0.173,0.777,0.054,13.87,Droit,0.0,0.601,1.87,0,False,0.243,ADMIS,2
56,COLLEGE,10.58,10.11,8.89,False,-0.844,NA,0.306,0.563,0.486,1.0,0.466,0.655,9.86,Droit,0.0,0.919,-2.14,0,False,0.243,ADMIS,4
57,BAC_1,11.69,9.61,11.62,False,-0.036,E,0.29,0.803,0.645,0.947,1.0,0.043,10.97,Communication,0.782,0.906,0.97,2,False,0.798,REORIENTE,3
58,BAC_1,13.3,15.75,17.12,False,1.911,G,0.274,0.443,0.046,0.576,0.294,1.0,15.39,Droit,0.89,0.924,3.39,6,True,0.628,ADMIS,4
59,LYCEE_1ERE,12.04,11.29,9.42,False,-1.314,D,0.015,1.0,0.285,0.043,0.117,0.259,10.92,Lettres,0.673,0.728,0.92,10,True,0.904,ADMIS,3
60,BAC_1,13.88,13.97,13.21,False,-0.331,A,0.899,0.933,0.703,1.0,0.114,0.322,13.69,Lettres,0.851,0.84,3.69,9,True,0.775,ADMIS,4
61,BAC_1,13.94,14.36,13.72,False,-0.107,C,1.0,0.124,0.607,0.776,0.063,0.643,14.01,Agronomie,0.806,0.81,3.01,7,False,0.688,ADMIS,3
62,BAC_3,7.57,7.93,8.15,False,0.29,C,1.0,0.095,0.055,0.927,0.481,0.929,7.88,Agronomie,0.577,0.836,-3.12,4,False,0.704,REORIENTE,3
63,BAC_3,9.64,9.25,8.04,True,-0.801,C,0.123,0.748,0.168,1.0,0.676,0.963,8.98,Gestion_Commerce,0.678,0.865,-1.02,9,False,0.669,REORIENTE,2
64,BAC_2,14.29,10.42,13.48,True,-0.406,G,1.0,0.623,0.642,0.577,0.429,0.69,12.73,Agronomie,0.832,0.939,1.73,10,False,0.86,ADMIS,5
65,LYCEE_TLE,17.44,13.37,13.61,False,-1.914,D,0.095,0.234,0.095,1.0,0.396,0.994,14.81,Gestion_Commerce,0.875,0.805,4.81,6,False,0.721,ADMIS,4
66,LYCEE_TLE,12.98,12.88,15.41,False,1.213,A,1.0,0.69,0.153,0.796,0.972,0.272,13.76,Gestion_Commerce,0.811,0.768,3.76,7,False,0.77,ADMIS,5
67,BAC_3,12.76,13.82,14.45,False,0.846,C,1.0,0.906,0.2,0.44,0.982,0.125,13.68,Agronomie,0.865,0.931,2.68,6,True,0.781,ADMIS,4
68,BAC_1,8.79,10.49,11.3,True,1.256,D,0.832,0.911,0.812,1.0,0.791,0.68,10.19,Lettres,0.725,0.861,0.19,11,True,0.853,ADMIS,4
69,BAC_2,13.33,13.04,15.49,True,1.081,E,0.116,0.635,1.0,0.419,0.053,0.963,13.95,Lettres,0.903,0.908,3.95,4,True,0.882,ADMIS,4
70,BAC_3,13.69,13.88,13.92,True,0.115,B,1.0,0.988,0.908,0.691,0.679,0.7,13.83,Agronomie,0.864,0.918,2.83,7,True,0.775,ADMIS,5
71,BAC_2,12.04,14.48,10.97,False,-0.536,D,0.607,0.398,0.041,0.1,0.658,1.0,12.5,Agronomie,0.749,0.815,1.5,9,True,0.663,ADMIS,5
72,BAC_3,9.63,8.06,6.31,False,-1.659,C,0.886,0.606,1.0,0.042,0.191,0.815,8.0,Agronomie,0.55,0.784,-3.0,8,True,0.897,REORIENTE,2
73,BAC_1,14.59,15.57,13.8,False,-0.394,C,0.954,0.23,0.83,0.881,0.666,1.0,14.65,Communication,0.875,0.815,4.65,8,False,0.868,ADMIS,4
74,BAC_1,15.83,15.11,18.01,False,1.091,D,0.613,0.577,1.0,0.912,0.417,0.979,16.32,Lettres,0.937,0.894,6.32,10,False,0.914,ADMIS,4
75,BAC_3,11.9,13.49,9.55,True,-1.173,C,0.252,0.141,0.868,0.228,0.508,1.0,11.64,Communication,0.736,0.783,1.64,9,False,0.907,REORIENTE,3
76,BAC_1,16.44,15.72,12.79,True,-1.826,A,0.255,0.821,0.949,0.092,1.0,0.904,14.99,Gestion_Commerce,0.902,0.838,4.99,9,False,0.761,ADMIS,4
77,BAC_1,15.4,15.46,15.2,False,-0.1,D,0.946,0.39,0.846,0.076,0.748,1.0,15.35,Gestion_Commerce,0.854,0.757,5.35,10,True,0.588,ADMIS,5
78,BAC_3,15.08,15.33,17.78,True,1.355,G,0.91,0.573,0.271,1.0,0.906,0.273,16.06,Agronomie,0.939,0.898,5.06,7,False,0.698,ADMIS,4
79,LYCEE_TLE,13.65,14.44,15.2,False,0.772,A,0.446,0.133,0.441,0.598,1.0,0.039,14.43,Communication,0.876,0.831,4.43,5,True,0.738,ADMIS,4
80,LYCEE_TLE,13.17,12.76,14.6,False,0.715,G,0.15,1.0,0.38,0.651,0.971,0.058,13.51,Gestion_Commerce,0.802,0.769,3.51,7,False,0.641,ADMIS,3
81,LYCEE_2ND,13.66,14.64,14.63,True,0.484,NA,0.248,0.011,1.0,0.225,0.826,0.171,14.31,Medecine,0.0,0.338,-0.69,0,False,0.177,REORIENTE,2
82,LYCEE_TLE,14.55,15.0,11.68,True,-1.434,B,0.012,0.256,0.942,0.822,1.0,0.104,13.74,Communication,0.928,0.964,3.74,9,False,0.944,ADMIS,5
83,BAC_1,7.7,11.81,11.79,True,2.042,D,0.483,0.669,0.215,1.0,0.1,0.847,10.43,Agronomie,0.662,0.808,-0.57,9,False,0.761,ADMIS,4
84,LYCEE_2ND,14.49,13.84,15.0,False,0.253,NA,0.258,0.234,1.0,0.717,0.627,0.005,14.44,Droit,0.0,0.641,2.44,10,False,0.823,ADMIS,3
85,BAC_1,11.86,12.67,12.98,True,0.56,G,0.28,1.0,0.11,0.731,0.883,0.693,12.5,Gestion_Commerce,0.82,0.866,2.5,10,False,0.856,ADMIS,5
86,LYCEE_1ERE,15.98,14.92,15.13,True,-0.427,C,0.567,0.953,0.907,0.95,0.881,1.0,15.34,Lettres,0.929,0.882,5.34,4,False,0.839,ADMIS,5
87,LYCEE_1ERE,13.28,14.93,11.61,False,-0.838,D,0.137,0.73,1.0,0.452,0.955,0.104,13.27,Lettres,0.859,0.881,3.27,5,False,0.824,ADMIS,3
88,LYCEE_1ERE,14.37,16.87,14.02,False,-0.173,D,0.87,1.0,0.139,0.273,0.111,0.875,15.09,Lettres,0.766,0.609,5.09,7,False,0.819,ADMIS,4
89,BAC_3,10.62,12.21,12.43,False,0.905,E,0.994,0.988,0.7,1.0,0.449,0.004,11.75,Agronomie,0.757,0.878,0.75,5,False,1.0,ADMIS,4
90,BAC_3,11.4,11.64,11.08,False,-0.163,C,0.386,0.35,0.977,0.612,1.0,0.326,11.37,Communication,0.829,0.958,1.37,3,True,0.714,ADMIS,4
91,BAC_2,13.84,13.31,13.41,False,-0.219,D,1.0,0.59,0.651,0.395,0.128,0.811,13.52,Agronomie,0.839,0.896,2.52,10,False,0.812,ADMIS,3
92,BAC_3,11.11,11.51,9.95,False,-0.578,G,0.74,0.836,0.396,0.087,1.0,0.138,10.85,Agronomie,0.706,0.853,-0.15,3,False,0.79,ADMIS,3
93,BAC_1,10.49,12.76,12.25,False,0.883,E,0.793,0.066,0.234,0.078,0.664,1.0,11.83,Gestion_Commerce,0.745,0.786,1.83,10,False,0.765,ADMIS,4
94,LYCEE_1ERE,14.03,15.25,12.69,False,-0.673,D,0.581,1.0,0.465,0.284,0.146,0.74,13.99,Lettres,0.835,0.793,3.99,4,False,0.826,ADMIS,5
95,LYCEE_TLE,13.18,10.73,13.21,False,0.013,D,0.436,0.167,0.572,0.093,0.95,1.0,12.38,Gestion_Commerce,0.836,0.902,2.38,9,False,0.692,ADMIS,4
96,BAC_2,10.19,9.66,11.66,False,0.733,C,0.996,0.008,0.363,0.947,1.0,0.781,10.5,Gestion_Commerce,0.728,0.846,0.5,8,False,0.799,ADMIS,4
97,BAC_2,13.45,16.49,15.45,False,0.997,E,0.459,1.0,0.485,0.668,0.001,0.755,15.13,Agronomie,0.856,0.818,4.13,8,True,0.708,ADMIS,3
98,LYCEE_1ERE,14.17,11.76,13.94,False,-0.112,D,0.895,0.257,0.666,0.174,0.342,1.0,13.29,Lettres,0.729,0.663,3.29,3,False,0.858,ADMIS,4
99,BAC_2,15.8,15.1,15.97,False,0.085,A,0.374,0.544,0.393,0.472,1.0,0.313,15.63,Gestion_Commerce,0.947,0.911,5.63,11,False,0.72,ADMIS,4
100,LYCEE_1ERE,13.69,12.87,13.88,True,0.092,B,0.254,0.737,0.368,0.691,1.0,0.677,13.48,Lettres,0.793,0.757,3.48,10,True,0.808,ADMIS,5
101,BAC_2,15.07,15.03,13.94,True,-0.564,C,0.453,0.288,1.0,0.346,0.245,0.36,14.68,Lettres,0.938,0.917,4.68,7,False,0.707,ADMIS,3
102,LYCEE_1ERE,16.38,16.19,11.58,True,-2.4,A,0.365,1.0,0.646,0.401,0.041,0.63,14.72,Lettres,0.923,0.89,4.72,10,False,0.733,ADMIS,4
103,BAC_2,11.25,10.99,11.29,False,0.017,E,1.0,0.259,0.738,0.787,0.973,0.943,11.18,Communication,0.73,0.806,1.18,7,True,0.733,ADMIS,2
104,LYCEE_TLE,12.24,12.57,12.68,False,0.222,A,0.315,0.074,1.0,0.649,0.427,0.838,12.5,Communication,0.832,0.887,2.5,3,True,0.661,ADMIS,4
105,LYCEE_TLE,13.12,14.53,13.4,False,0.14,C,0.05,0.661,1.0,0.57,0.064,0.504,13.68,Lettres,0.939,0.986,3.68,11,False,0.713,ADMIS,5
106,LYCEE_TLE,10.58,10.16,13.68,True,1.55,D,0.05,1.0,0.356,0.859,0.808,0.821,11.47,Gestion_Commerce,0.777,0.864,1.47,5,False,0.743,ADMIS,3
107,LYCEE_TLE,9.34,7.45,8.78,True,-0.279,A,1.0,0.021,0.439,0.753,0.96,0.748,8.52,Gestion_Commerce,0.646,0.842,-1.48,9,False,0.744,ADMIS,4
108,LYCEE_TLE,11.21,13.2,12.27,False,0.527,D,0.629,0.762,0.497,0.251,1.0,0.399,12.23,Communication,0.751,0.77,2.23,5,True,0.676,ADMIS,3
109,BAC_3,13.65,12.52,11.49,False,-1.081,D,0.07,0.6,1.0,0.957,0.107,0.4,12.55,Lettres,0.881,0.965,2.55,7,True,0.813,ADMIS,3
110,BAC_3,15.48,15.62,17.55,True,1.038,G,1.0,0.191,0.765,0.562,0.033,0.225,16.22,Agronomie,0.871,0.785,5.22,10,True,0.644,ADMIS,4
111,BAC_1,13.74,13.45,11.19,False,-1.277,C,1.0,0.564,0.392,0.707,0.603,0.137,12.79,Agronomie,0.835,0.939,1.79,5,False,0.67,ADMIS,3
112,LYCEE_2ND,12.89,12.77,11.44,False,-0.725,NA,0.867,0.309,0.764,1.0,0.199,0.432,12.36,Informatique,0.0,0.687,0.36,8,False,0.988,REORIENTE,2
113,LYCEE_TLE,12.36,10.24,10.82,False,-0.768,D,0.335,0.585,1.0,0.584,0.668,0.079,11.14,Communication,0.826,0.967,1.14,5,False,0.922,ADMIS,3
114,LYCEE_TLE,14.39,13.51,14.75,False,0.182,C,0.954,0.801,0.89,0.387,1.0,0.153,14.22,Communication,0.86,0.819,4.22,5,False,0.839,ADMIS,4
115,COLLEGE,10.76,8.15,10.55,False,-0.104,NA,1.0,0.078,0.497,0.228,0.577,0.309,9.82,Medecine,0.0,0.503,-5.18,1,False,0.083,REORIENTE,2
116,BAC_2,12.99,10.77,10.37,False,-1.31,G,0.299,0.8,0.564,0.621,1.0,0.663,11.38,Gestion_Commerce,0.804,0.915,1.38,3,True,0.715,ADMIS,4
117,LYCEE_TLE,12.09,11.14,11.48,False,-0.306,C,1.0,0.51,0.643,0.162,0.812,0.265,11.57,Communication,0.695,0.72,1.57,5,True,0.781,ADMIS,4
118,BAC_2,16.44,13.81,15.15,False,-0.643,A,0.245,1.0,0.425,0.187,0.233,0.663,15.13,Lettres,0.886,0.81,5.13,4,False,0.986,ADMIS,4
119,LYCEE_1ERE,14.04,13.23,14.42,False,0.187,G,0.218,1.0,0.608,0.085,0.066,0.075,13.9,Lettres,0.856,0.834,3.9,8,False,0.711,ADMIS,4
120,BAC_1,15.67,16.03,16.5,True,0.414,A,0.219,0.599,0.064,0.806,0.913,1.0,16.07,Gestion_Commerce,0.962,0.937,6.07,7,True,0.723,ADMIS,5
121,LYCEE_1ERE,10.59,13.11,9.93,False,-0.329,D,0.674,1.0,0.761,0.121,0.486,0.602,11.21,Lettres,0.747,0.832,1.21,4,False,0.593,ADMIS,5
122,BAC_2,10.34,11.06,10.13,True,-0.107,B,0.975,1.0,0.936,0.024,0.342,0.587,10.51,Informatique,0.696,0.927,-1.49,4,False,0.754,ADMIS,3
123,BAC_2,9.77,7.8,8.57,False,-0.598,C,0.325,0.331,0.045,0.345,0.963,1.0,8.71,Gestion_Commerce,0.722,0.955,-1.29,6,True,0.784,ADMIS,4
124,COLLEGE,9.31,7.65,10.82,False,0.753,NA,0.511,0.675,0.553,0.245,0.854,1.0,9.26,Medecine,0.0,0.78,-5.74,2,False,0.128,REORIENTE,2
125,BAC_1,10.48,9.65,7.45,True,-1.513,G,1.0,0.108,0.272,0.359,0.481,0.496,9.19,Agronomie,0.668,0.9,-1.81,9,False,0.787,REORIENTE,2
126,LYCEE_1ERE,14.01,15.53,14.33,False,0.158,D,1.0,0.412,0.849,0.625,0.653,0.117,14.62,Lettres,0.848,0.771,4.62,11,False,0.692,ADMIS,4
127,BAC_2,11.22,12.63,10.5,False,-0.364,A,0.632,0.657,0.346,1.0,0.186,0.416,11.45,Lettres,0.726,0.78,1.45,11,False,0.613,ADMIS,2
128,BAC_1,12.79,14.27,13.66,False,0.438,D,0.331,0.881,0.224,0.109,1.0,0.888,13.57,Gestion_Commerce,0.87,0.878,3.57,5,False,0.631,ADMIS,5
129,LYCEE_1ERE,10.82,13.24,9.82,False,-0.499,A,0.476,0.039,0.274,1.0,0.923,0.216,11.29,Lettres,0.597,0.576,1.29,10,False,0.762,REORIENTE,3
130,LYCEE_2ND,10.18,11.28,8.2,True,-0.993,NA,0.877,0.947,0.047,0.762,0.739,1.0,9.89,Droit,0.0,0.909,-2.11,1,False,0.567,ADMIS,4
131,BAC_1,12.6,12.64,12.35,False,-0.128,C,0.49,0.537,0.794,1.0,0.455,0.35,12.53,Communication,0.863,0.937,2.53,11,True,0.636,REORIENTE,2
132,BAC_2,12.36,9.83,6.9,True,-2.735,D,0.064,0.168,0.819,0.269,0.29,1.0,9.7,Lettres,0.659,0.785,-0.3,8,False,0.705,ADMIS,4
133,LYCEE_TLE,18.6,19.0,17.52,False,-0.54,A,0.114,0.657,0.125,0.421,1.0,0.471,18.38,Gestion_Commerce,0.961,0.935,8.38,10,True,0.685,ADMIS,4
134,BAC_1,13.5,13.5,15.14,False,0.82,D,0.54,1.0,0.455,0.017,0.251,0.532,14.05,Informatique,0.858,0.96,2.05,4,True,0.805,ADMIS,4
135,BAC_1,15.28,13.95,14.12,False,-0.579,A,0.963,0.25,0.908,1.0,0.156,0.108,14.45,Lettres,0.841,0.772,4.45,8,True,0.911,ADMIS,4
136,BAC_2,13.52,13.15,13.07,False,-0.227,E,0.109,0.695,0.394,1.0,0.225,0.281,13.25,Communication,0.827,0.829,3.25,6,True,0.823,ADMIS,4
137,BAC_2,12.17,12.58,9.89,False,-1.139,C,0.451,0.285,0.64,0.946,0.378,1.0,11.55,Communication,0.754,0.821,1.55,10,False,0.561,ADMIS,5
138,LYCEE_1ERE,12.88,13.39,16.11,False,1.615,B,1.0,0.501,0.485,0.019,0.762,0.654,14.12,Lettres,0.728,0.606,4.12,2,False,0.63,ADMIS,4
139,BAC_1,12.96,15.41,14.71,False,0.874,C,0.802,0.284,0.864,1.0,0.217,0.057,14.36,Communication,0.88,0.842,4.36,7,False,0.768,ADMIS,4
140,BAC_1,14.38,11.8,18.4,True,2.008,B,1.0,0.212,0.987,0.852,0.269,0.168,14.86,Communication,0.887,0.821,4.86,7,True,0.698,ADMIS,5
141,BAC_1,9.9,11.31,9.67,False,-0.114,D,1.0,0.227,0.496,0.152,0.356,0.729,10.29,Agronomie,0.693,0.869,-0.71,8,False,0.94,ADMIS,4
142,BAC_2,12.75,10.77,11.33,False,-0.713,B,0.654,0.805,1.0,0.125,0.99,0.643,11.61,Lettres,0.754,0.816,1.61,10,False,0.859,ADMIS,3
143,BAC_3,14.94,13.75,14.44,False,-0.253,C,1.0,0.31,0.736,0.098,0.53,0.243,14.37,Agronomie,0.836,0.836,3.37,8,False,0.723,ADMIS,3
144,LYCEE_2ND,12.61,10.85,11.77,False,-0.42,NA,0.968,0.025,0.593,1.0,0.64,0.68,11.74,Gestion_Commerce,0.0,0.757,1.74,2,False,0.19,ADMIS,4
145,LYCEE_1ERE,9.67,12.27,11.28,False,0.804,B,0.494,0.183,0.021,0.056,1.0,0.078,11.07,Lettres,0.425,0.303,1.07,5,False,0.751,ADMIS,5
146,LYCEE_TLE,11.72,13.65,11.93,True,0.105,D,0.212,0.449,0.468,0.4,0.706,1.0,12.43,Gestion_Commerce,0.85,0.921,2.43,9,False,0.761,ADMIS,4
147,BAC_1,11.48,8.54,6.92,False,-2.278,D,0.18,0.742,0.971,0.307,1.0,0.384,8.98,Lettres,0.681,0.869,-1.02,11,False,0.812,REORIENTE,3
148,LYCEE_TLE,9.44,10.35,8.79,False,-0.321,C,0.044,1.0,0.443,0.357,0.094,0.691,9.53,Lettres,0.684,0.837,-0.47,8,False,0.789,ADMIS,4
149,BAC_2,10.96,11.21,10.66,False,-0.152,D,0.701,0.974,1.0,0.642,0.449,0.392,10.94,Lettres,0.796,0.931,0.94,11,True,0.774,ADMIS,5
150,BAC_1,15.58,14.64,11.7,False,-1.938,G,0.574,0.396,1.0,0.474,0.443,0.421,13.97,Communication,0.911,0.92,3.97,4,True,0.843,ADMIS,4
151,BAC_1,13.5,11.06,11.91,True,-0.794,G,0.881,1.0,0.648,0.385,0.477,0.709,12.16,Agronomie,0.806,0.933,1.16,3,True,0.79,ADMIS,5
152,BAC_2,9.74,12.49,10.47,False,0.366,A,1.0,0.983,0.175,0.64,0.119,0.781,10.9,Agronomie,0.766,0.95,-0.1,8,False,0.751,ADMIS,4
153,BAC_1,14.15,15.07,17.09,False,1.47,A,0.716,1.0,0.414,0.193,0.457,0.898,15.44,Informatique,0.914,0.96,3.44,11,True,0.657,ADMIS,4
154,BAC_3,14.87,12.14,12.76,False,-1.059,D,0.616,0.617,0.567,0.299,1.0,0.64,13.26,Gestion_Commerce,0.864,0.889,3.26,10,True,0.742,ADMIS,5
155,BAC_1,9.57,8.5,11.83,False,1.128,G,1.0,0.928,0.511,0.431,0.953,0.953,9.97,Agronomie,0.719,0.934,-1.03,7,False,0.662,ADMIS,4
156,BAC_1,9.17,11.23,13.69,True,2.263,C,0.527,1.0,0.725,0.082,0.53,0.373,11.36,Lettres,0.758,0.839,1.36,4,False,0.893,ADMIS,3
157,LYCEE_TLE,12.0,12.42,12.22,False,0.111,C,1.0,0.877,0.146,0.819,0.459,0.017,12.21,Lettres,0.66,0.619,2.21,9,True,0.733,ADMIS,4
158,LYCEE_2ND,8.92,11.72,9.1,False,0.086,NA,0.593,0.95,0.832,0.323,0.138,1.0,9.91,Informatique,0.0,0.866,-2.09,0,False,0.166,ADMIS,4
159,BAC_2,13.86,12.76,14.36,True,0.25,A,0.627,0.786,0.56,1.0,0.698,0.106,13.66,Communication,0.867,0.867,3.66,9,True,0.919,ADMIS,4
160,LYCEE_2ND,12.33,15.57,12.46,True,0.062,NA,0.189,0.985,1.0,0.999,0.038,0.395,13.45,Gestion_Commerce,0.0,0.513,3.45,2,False,0.395,ADMIS,1
161,LYCEE_TLE,14.77,14.28,13.58,True,-0.598,C,0.704,0.401,0.852,0.915,1.0,0.277,14.21,Communication,0.922,0.924,4.21,10,False,0.733,ADMIS,4
162,BAC_1,11.23,11.48,15.82,True,2.294,D,0.875,0.849,1.0,0.075,0.909,0.619,12.85,Lettres,0.789,0.791,2.85,11,False,0.864,ADMIS,4
163,LYCEE_TLE,16.35,12.22,12.71,False,-1.822,C,0.603,0.491,0.945,1.0,0.233,0.106,13.76,Lettres,0.886,0.892,3.76,6,True,0.572,ADMIS,5
164,BAC_2,12.71,13.74,11.77,False,-0.469,C,0.325,0.233,0.818,1.0,0.513,0.044,12.74,Communication,0.88,0.951,2.74,10,False,0.915,ADMIS,4
165,BAC_1,12.48,14.86,15.86,True,1.689,E,0.895,1.0,0.337,0.536,0.011,0.86,14.4,Agronomie,0.884,0.913,3.4,10,True,0.649,ADMIS,5
166,COLLEGE,12.55,12.46,16.31,False,1.881,NA,0.644,0.96,0.817,0.113,1.0,0.462,13.77,Droit,0.0,0.794,1.77,0,False,0.362,ADMIS,3
167,BAC_2,8.95,9.49,11.61,False,1.333,C,0.047,0.538,1.0,0.973,0.222,0.759,10.02,Lettres,0.764,0.94,0.02,10,True,0.585,ADMIS,5
168,BAC_2,10.72,13.53,11.54,True,0.409,G,1.0,0.925,0.013,0.824,0.159,0.077,11.93,Agronomie,0.787,0.916,0.93,10,False,0.755,ADMIS,5
169,LYCEE_TLE,12.83,12.42,12.44,True,-0.193,D,0.509,0.642,1.0,0.265,0.033,0.045,12.56,Lettres,0.844,0.902,2.56,10,False,0.566,ADMIS,5
170,BAC_1,11.72,13.86,10.69,True,-0.516,C,0.478,1.0,0.091,0.16,0.845,0.832,12.09,Gestion_Commerce,0.774,0.817,2.09,11,False,0.745,ADMIS,3
171,LYCEE_TLE,12.27,12.91,12.61,False,0.17,C,0.007,0.738,0.161,0.396,0.884,1.0,12.59,Gestion_Commerce,0.855,0.919,2.59,10,False,0.791,ADMIS,5
172,LYCEE_TLE,10.43,9.1,7.61,False,-1.407,D,1.0,0.732,0.676,0.516,0.388,0.783,9.05,Lettres,0.636,0.791,-0.95,3,False,0.677,REORIENTE,2
173,BAC_3,14.08,14.45,17.89,True,1.906,D,0.736,0.825,0.275,0.217,1.0,0.584,15.47,Agronomie,0.921,0.903,4.47,11,True,0.643,ADMIS,5
174,BAC_1,12.01,10.4,9.79,False,-1.112,D,0.189,0.04,0.844,0.178,0.097,1.0,10.73,Communication,0.633,0.673,0.73,9,False,0.619,ADMIS,3
175,LYCEE_1ERE,10.44,8.28,8.35,False,-1.045,D,0.974,0.077,1.0,0.349,0.506,0.113,9.03,Lettres,0.585,0.707,-0.97,8,False,0.715,REORIENTE,3
176,LYCEE_1ERE,14.87,10.81,10.77,False,-2.049,D,0.716,0.752,1.0,0.692,0.85,0.327,12.15,Lettres,0.818,0.886,2.15,6,False,0.617,ADMIS,4
177,BAC_2,11.01,10.67,11.71,False,0.352,C,0.29,0.53,0.348,1.0,0.539,0.501,11.13,Communication,0.758,0.855,1.13,10,False,0.899,ADMIS,4
178,BAC_1,9.79,10.95,11.66,False,0.933,C,0.168,0.758,0.957,1.0,0.196,0.702,10.8,Lettres,0.805,0.955,0.8,7,True,0.755,ADMIS,4
179,BAC_1,13.15,14.25,11.86,False,-0.647,A,0.449,0.482,0.119,1.0,0.654,0.424,13.09,Gestion_Commerce,0.818,0.824,3.09,4,False,0.625,ADMIS,3
180,BAC_2,15.1,14.33,16.85,False,0.876,C,0.742,0.962,0.873,0.405,0.612,1.0,15.43,Lettres,0.91,0.85,5.43,6,False,0.788,ADMIS,5
181,BAC_2,12.8,12.49,14.11,False,0.653,E,0.043,1.0,0.049,0.624,0.61,0.834,13.13,Droit,0.819,0.957,1.13,11,False,0.935,ADMIS,4
182,LYCEE_1ERE,16.01,12.46,13.76,False,-1.126,G,0.612,0.306,1.0,0.042,0.662,0.853,14.08,Lettres,0.823,0.766,4.08,7,False,0.926,ADMIS,3
183,BAC_3,10.57,13.83,15.68,False,2.554,E,0.803,1.0,0.238,0.639,0.343,0.005,13.36,Agronomie,0.845,0.917,2.36,5,False,0.741,ADMIS,4
184,LYCEE_TLE,13.08,13.65,14.57,False,0.745,G,0.303,0.33,1.0,0.338,0.004,0.529,13.77,Communication,0.85,0.833,3.77,9,True,0.663,ADMIS,5
185,BAC_1,12.56,11.38,13.39,False,0.417,D,0.393,0.626,1.0,0.822,0.442,0.347,12.44,Lettres,0.876,0.964,2.44,10,False,0.772,ADMIS,5
186,BAC_1,11.55,14.38,12.89,False,0.668,A,1.0,0.917,0.511,0.313,0.384,0.138,12.94,Agronomie,0.841,0.94,1.94,10,False,0.684,ADMIS,4
187,LYCEE_TLE,10.03,9.01,12.89,False,1.428,E,0.677,0.944,0.635,1.0,0.932,0.115,10.64,Lettres,0.711,0.809,0.64,10,True,0.871,ADMIS,4
188,LYCEE_TLE,12.33,13.8,13.5,False,0.585,D,1.0,0.572,0.985,0.471,0.419,0.701,13.21,Lettres,0.829,0.834,3.21,8,True,0.685,ADMIS,4
189,BAC_1,13.32,12.07,13.48,True,0.08,C,0.4,0.931,0.813,0.554,1.0,0.447,12.95,Communication,0.857,0.898,2.95,8,False,0.947,ADMIS,3
190,BAC_3,12.36,13.29,9.28,False,-1.539,D,1.0,0.73,0.342,0.607,0.081,0.224,11.64,Agronomie,0.792,0.943,0.64,8,False,0.924,ADMIS,4
191,COLLEGE,9.75,9.84,8.77,False,-0.49,NA,0.484,1.0,0.16,0.093,0.962,0.587,9.45,Droit,0.0,0.857,-2.55,0,False,0.366,ADMIS,4
192,LYCEE_1ERE,11.9,12.33,14.78,False,1.439,B,0.131,0.978,0.015,0.635,1.0,0.38,13.0,Lettres,0.697,0.628,3.0,7,False,0.629,ADMIS,5
193,BAC_1,14.36,18.78,15.73,False,0.688,D,0.711,0.78,1.0,0.622,0.075,0.299,16.29,Lettres,0.953,0.922,6.29,8,False,0.757,ADMIS,4
194,BAC_2,12.91,12.15,11.82,False,-0.543,C,0.262,1.0,0.59,0.029,0.863,0.207,12.29,Communication,0.733,0.736,2.29,11,False,0.856,ADMIS,3
195,LYCEE_2ND,11.81,10.5,10.88,False,-0.467,NA,0.001,0.541,0.075,1.0,0.006,0.735,11.06,Communication,0.0,0.608,1.06,11,False,0.856,REORIENTE,4
196,BAC_1,12.46,12.18,8.93,False,-1.769,A,0.58,0.667,0.279,0.68,1.0,0.001,11.19,Communication,0.712,0.774,1.19,6,False,0.826,ADMIS,4
197,COLLEGE,10.87,8.67,8.34,False,-1.264,NA,0.289,0.065,0.398,0.855,0.76,1.0,9.29,Agronomie,0.0,0.656,-1.71,2,False,0.579,REORIENTE,4
198,BAC_3,13.05,16.67,11.94,False,-0.557,E,1.0,0.948,0.248,0.754,0.902,0.889,13.88,Agronomie,0.889,0.956,2.88,8,True,0.769,ADMIS,4
199,LYCEE_TLE,15.68,16.45,16.09,False,0.204,D,0.241,0.682,0.418,0.007,1.0,0.909,16.07,Gestion_Commerce,0.936,0.894,6.07,6,False,0.99,ADMIS,3
200,BAC_1,10.81,10.66,9.04,True,-0.883,E,0.78,0.897,1.0,0.202,0.173,0.614,10.17,Lettres,0.728,0.869,0.17,11,False,0.689,ADMIS,4
201,LYCEE_TLE,12.22,13.11,12.18,False,-0.019,D,0.515,0.833,1.0,0.137,0.925,0.737,12.5,Lettres,0.804,0.839,2.5,7,True,0.777,ADMIS,4
202,BAC_3,13.83,12.96,14.32,False,0.247,C,0.284,0.252,0.478,0.775,1.0,0.466,13.7,Gestion_Commerce,0.914,0.944,3.7,5,False,0.873,ADMIS,3
203,LYCEE_TLE,9.83,10.25,8.91,False,-0.461,D,0.994,0.39,0.936,1.0,0.023,0.261,9.66,Lettres,0.667,0.802,-0.34,8,False,0.585,ADMIS,4
204,BAC_1,11.23,11.98,15.33,False,2.048,D,0.575,0.092,1.0,0.161,0.501,0.491,12.85,Communication,0.811,0.828,2.85,5,False,0.811,ADMIS,4
205,BAC_1,12.12,11.46,14.65,False,1.266,C,1.0,0.062,0.358,0.611,0.387,0.543,12.74,Agronomie,0.793,0.872,1.74,9,False,0.653,ADMIS,3
206,BAC_3,13.2,13.69,12.25,True,-0.474,C,0.371,0.377,0.401,1.0,0.066,0.126,13.05,Lettres,0.789,0.779,3.05,10,False,0.638,ADMIS,4
207,BAC_2,6.47,6.48,9.12,False,1.324,C,1.0,0.526,0.11,0.12,0.225,0.322,7.35,Agronomie,0.632,0.963,-3.65,9,False,0.696,ADMIS,4
208,LYCEE_TLE,12.4,10.01,12.51,True,0.054,D,1.0,0.563,0.765,0.844,0.119,0.683,11.64,Communication,0.724,0.763,1.64,7,False,0.725,ADMIS,4
209,BAC_3,12.27,11.39,11.64,False,-0.315,G,0.848,0.12,1.0,0.827,0.37,0.559,11.77,Communication,0.786,0.859,1.77,2,False,0.999,ADMIS,5
210,BAC_2,15.12,14.25,14.1,False,-0.507,C,0.441,0.283,0.223,1.0,0.116,0.853,14.49,Droit,0.793,0.822,2.49,7,True,0.874,ADMIS,3
211,LYCEE_TLE,11.22,11.38,9.94,True,-0.64,G,0.038,0.649,0.928,1.0,0.666,0.973,10.85,Communication,0.783,0.915,0.85,11,False,0.723,REORIENTE,1
212,BAC_1,11.18,12.76,16.11,True,2.468,D,0.91,1.0,0.79,0.066,0.327,0.91,13.35,Informatique,0.816,0.937,1.35,9,False,0.825,ADMIS,3
213,COLLEGE,13.45,11.94,12.16,True,-0.647,NA,1.0,0.358,0.77,0.759,0.277,0.07,12.51,Informatique,0.0,0.72,0.51,9,False,0.825,ADMIS,4
214,LYCEE_1ERE,12.51,11.43,9.37,False,-1.566,D,0.426,1.0,0.66,0.943,0.147,0.455,11.1,Lettres,0.788,0.907,1.1,5,False,0.677,REORIENTE,2
215,LYCEE_TLE,13.88,12.5,13.22,False,-0.33,E,0.173,0.899,0.249,0.822,0.86,1.0,13.2,Gestion_Commerce,0.867,0.899,3.2,10,False,0.783,ADMIS,3
216,LYCEE_1ERE,14.74,13.66,14.03,False,-0.356,E,0.537,1.0,0.596,0.124,0.597,0.687,14.14,Lettres,0.846,0.801,4.14,4,False,0.748,ADMIS,5
217,LYCEE_2ND,15.3,17.17,16.17,True,0.432,NA,0.097,0.093,1.0,0.718,0.449,0.21,16.21,Agronomie,0.0,0.466,5.21,2,False,0.297,ADMIS,5
218,BAC_1,16.17,15.67,16.16,False,-0.01,C,0.969,0.681,0.241,0.561,0.863,1.0,16.0,Agronomie,0.96,0.934,5.0,5,False,0.566,ADMIS,5
219,LYCEE_1ERE,12.31,15.47,10.41,False,-0.951,E,0.152,0.832,0.192,1.0,0.709,0.093,12.73,Lettres,0.742,0.722,2.73,4,False,0.873,ADMIS,4
220,LYCEE_2ND,10.66,11.12,9.54,True,-0.558,NA,0.67,1.0,0.622,0.023,0.247,0.789,10.44,Medecine,0.0,0.818,-4.56,2,False,0.134,REORIENTE,3
221,BAC_3,14.27,14.57,11.98,True,-1.144,C,0.042,0.465,1.0,0.084,0.508,0.421,13.61,Lettres,0.886,0.903,3.61,11,False,0.718,ADMIS,4
222,LYCEE_2ND,14.34,15.53,17.03,True,1.343,NA,1.0,0.461,0.701,0.424,0.875,0.619,15.63,Agronomie,0.0,0.896,4.63,2,False,0.382,ADMIS,2
223,LYCEE_TLE,10.43,13.24,13.36,False,1.464,C,0.333,0.312,0.905,0.244,0.527,1.0,12.34,Lettres,0.782,0.814,2.34,7,True,0.642,ADMIS,4
224,BAC_1,11.4,9.74,11.26,False,-0.072,A,0.814,0.939,0.875,1.0,0.942,0.463,10.8,Lettres,0.749,0.861,0.8,10,False,0.652,ADMIS,3
225,BAC_1,14.4,16.48,16.96,False,1.281,G,0.942,0.886,0.473,0.003,0.315,1.0,15.95,Informatique,0.925,0.946,3.95,9,True,0.962,ADMIS,5
226,BAC_2,9.05,9.35,9.62,False,0.288,G,0.605,0.762,0.433,0.827,1.0,0.774,9.34,Gestion_Commerce,0.717,0.906,-0.66,5,False,0.835,REORIENTE,1
227,BAC_1,13.83,14.48,15.81,False,0.99,A,0.871,1.0,0.184,0.492,0.109,0.361,14.71,Agronomie,0.919,0.951,3.71,4,False,0.748,ADMIS,3
228,LYCEE_TLE,13.8,14.82,16.69,True,1.446,D,0.752,0.207,1.0,0.377,0.444,0.74,15.11,Communication,0.894,0.823,5.11,5,False,0.782,ADMIS,3
229,LYCEE_1ERE,12.76,12.6,12.1,False,-0.33,C,0.583,0.823,0.346,0.331,0.568,1.0,12.48,Lettres,0.732,0.721,2.48,3,False,0.618,ADMIS,4
230,BAC_1,10.69,10.56,10.24,False,-0.223,D,0.217,0.457,0.207,0.022,1.0,0.264,10.5,Gestion_Commerce,0.746,0.876,0.5,5,False,0.771,ADMIS,3
231,BAC_3,11.89,8.84,14.53,True,1.32,D,0.966,0.119,1.0,0.562,0.722,0.403,11.75,Communication,0.777,0.846,1.75,4,False,0.804,ADMIS,4
232,BAC_3,13.51,14.77,16.2,False,1.345,D,0.288,0.401,0.456,0.808,1.0,0.347,14.83,Communication,0.928,0.892,4.83,8,False,0.748,ADMIS,2
233,BAC_3,8.65,10.96,10.1,False,0.722,G,0.344,0.034,0.336,0.223,0.596,1.0,9.9,Gestion_Commerce,0.721,0.875,-0.1,4,True,0.795,REORIENTE,2
234,BAC_1,11.98,11.01,12.98,False,0.501,A,0.026,0.056,1.0,0.976,0.893,0.221,11.99,Communication,0.856,0.96,1.99,3,True,0.717,ADMIS,4
235,LYCEE_1ERE,16.59,16.96,15.79,False,-0.397,C,1.0,0.599,0.441,0.581,0.687,0.447,16.45,Lettres,0.826,0.709,6.45,8,False,0.64,ADMIS,4
236,BAC_2,11.28,11.26,11.37,False,0.046,D,1.0,0.354,0.57,0.817,0.242,0.997,11.31,Agronomie,0.73,0.862,0.31,3,True,0.769,ADMIS,4
237,BAC_1,12.8,14.49,11.76,False,-0.522,D,1.0,0.713,0.716,0.918,0.711,0.548,13.02,Agronomie,0.833,0.921,2.02,10,False,0.649,ADMIS,5
238,BAC_1,14.01,15.38,14.65,False,0.321,B,1.0,0.609,0.007,0.02,0.85,0.177,14.68,Agronomie,0.885,0.896,3.68,11,False,0.817,ADMIS,4
239,LYCEE_1ERE,14.72,15.86,15.36,False,0.321,G,0.779,0.243,0.117,1.0,0.118,0.271,15.31,Lettres,0.738,0.563,5.31,7,False,0.72,ADMIS,4
240,BAC_2,14.42,13.77,14.18,True,-0.118,D,0.993,0.844,0.421,1.0,0.552,0.024,14.12,Agronomie,0.868,0.906,3.12,8,False,0.683,ADMIS,5
241,BAC_2,13.27,11.74,12.65,False,-0.309,C,0.223,0.212,1.0,0.881,0.096,0.158,12.56,Communication,0.853,0.918,2.56,10,True,0.762,ADMIS,3
242,LYCEE_TLE,16.17,17.04,15.21,False,-0.476,C,0.722,0.261,0.485,0.68,0.34,1.0,16.14,Communication,0.832,0.72,6.14,6,False,0.821,ADMIS,4
243,BAC_1,14.88,15.28,13.8,False,-0.54,E,1.0,0.284,0.147,0.902,0.296,0.037,14.65,Agronomie,0.861,0.858,3.65,2,True,0.721,ADMIS,4
244,BAC_1,10.32,10.89,11.81,False,0.744,A,0.867,0.533,0.787,0.811,0.548,1.0,11.01,Lettres,0.728,0.813,1.01,7,False,0.702,ADMIS,4
245,LYCEE_1ERE,14.17,15.29,12.53,True,-0.823,C,0.279,0.659,0.324,1.0,0.171,0.453,14.0,Lettres,0.849,0.815,4.0,6,False,0.739,ADMIS,4
246,BAC_2,12.18,12.6,12.49,False,0.157,D,0.987,0.795,1.0,0.226,0.681,0.296,12.42,Lettres,0.783,0.811,2.42,7,False,0.881,ADMIS,5
247,LYCEE_2ND,14.59,15.23,15.87,False,0.636,NA,0.857,0.139,0.876,0.602,0.126,1.0,15.23,Lettres,0.0,0.745,5.23,7,False,0.881,ADMIS,3
248,BAC_2,11.26,13.3,10.33,True,-0.468,D,0.816,1.0,0.4,0.154,0.139,0.612,11.63,Informatique,0.772,0.979,-0.37,11,False,0.814,ADMIS,2
249,COLLEGE,17.34,15.73,17.14,True,-0.101,NA,0.764,0.991,0.046,1.0,0.901,0.96,16.74,Genie_Civil,0.0,0.873,3.74,6,False,0.489,ADMIS,5
250,BAC_3,14.18,14.41,14.62,False,0.218,C,0.5,1.0,0.544,0.288,0.453,0.615,14.4,Lettres,0.88,0.839,4.4,11,True,0.631,ADMIS,4
251,LYCEE_2ND,14.13,11.78,12.02,False,-1.053,NA,0.973,1.0,0.885,0.068,0.92,0.571,12.64,Medecine,0.0,0.725,-2.36,1,False,0.189,ADMIS,4
252,COLLEGE,11.61,11.73,12.9,False,0.645,NA,0.876,0.345,0.531,1.0,0.789,0.522,12.08,Lettres,0.0,0.726,2.08,11,True,0.631,ADMIS,5
253,LYCEE_2ND,10.3,9.18,11.23,True,0.464,NA,0.034,1.0,0.78,0.68,0.58,0.62,10.24,Agronomie,0.0,0.691,-0.76,4,False,0.881,REORIENTE,3
254,LYCEE_1ERE,11.19,10.29,12.84,True,0.827,C,0.44,0.959,0.859,0.477,1.0,0.66,11.44,Lettres,0.778,0.867,1.44,6,False,0.625,ADMIS,3
255,LYCEE_TLE,9.76,7.96,10.07,False,0.157,G,0.442,0.985,0.513,0.321,1.0,0.623,9.26,Gestion_Commerce,0.685,0.857,-0.74,11,True,0.897,REORIENTE,2
256,BAC_1,14.13,12.27,13.93,False,-0.099,D,0.468,0.292,0.434,0.896,0.913,1.0,13.44,Gestion_Commerce,0.899,0.936,3.44,4,False,0.734,ADMIS,5
257,BAC_2,10.33,10.69,7.75,False,-1.287,C,0.456,0.824,0.388,1.0,0.371,0.506,9.59,Lettres,0.681,0.829,-0.41,8,False,0.721,REORIENTE,3
258,LYCEE_1ERE,7.13,11.46,9.9,False,1.388,D,0.069,1.0,0.332,0.629,0.512,0.157,9.5,Lettres,0.671,0.818,-0.5,2,False,0.939,ADMIS,4
259,COLLEGE,12.24,10.54,8.54,False,-1.848,NA,0.434,0.101,0.407,0.999,0.765,1.0,10.44,Gestion_Commerce,0.0,0.896,0.44,0,False,0.107,REORIENTE,3
260,BAC_1,13.31,12.68,8.86,False,-2.227,C,0.305,0.519,0.169,1.0,0.464,0.366,11.62,Communication,0.738,0.789,1.62,9,False,0.905,ADMIS,4
261,BAC_3,13.94,16.79,15.38,False,0.723,A,0.317,0.375,0.711,0.82,1.0,0.307,15.37,Communication,0.967,0.945,5.37,7,False,1.0,ADMIS,3
262,BAC_2,16.12,12.39,13.13,True,-1.498,G,0.726,0.702,0.053,1.0,0.054,0.366,13.88,Agronomie,0.837,0.87,2.88,2,True,0.629,ADMIS,3
263,BAC_1,11.35,9.46,10.79,False,-0.279,C,0.595,0.27,0.607,0.182,1.0,0.942,10.53,Gestion_Commerce,0.763,0.903,0.53,10,False,0.791,ADMIS,4
264,BAC_2,12.28,15.91,14.23,False,0.974,D,0.029,1.0,0.653,0.447,0.936,0.883,14.14,Gestion_Commerce,0.889,0.873,4.14,7,True,0.873,ADMIS,5
265,BAC_1,12.98,10.39,14.18,False,0.6,D,1.0,0.922,0.27,0.015,0.71,0.953,12.52,Agronomie,0.811,0.917,1.52,5,False,0.654,ADMIS,3
266,LYCEE_1ERE,14.98,17.51,15.94,False,0.482,D,0.937,0.166,0.528,0.826,1.0,0.595,16.14,Lettres,0.791,0.651,6.14,2,True,0.811,ADMIS,5
267,BAC_2,14.57,11.78,14.7,False,0.065,A,0.281,0.161,1.0,0.241,0.206,0.636,13.68,Communication,0.849,0.837,3.68,11,False,0.743,ADMIS,3
268,LYCEE_2ND,14.03,13.93,11.22,False,-1.4,NA,1.0,0.217,0.707,0.652,0.646,0.212,13.06,Lettres,0.0,0.711,3.06,3,False,0.581,ADMIS,4
269,BAC_2,12.43,12.01,10.49,True,-0.969,B,1.0,0.948,0.386,0.327,0.147,0.982,11.64,Genie_Civil,0.715,0.949,-1.36,11,True,0.608,REORIENTE,3
270,LYCEE_2ND,11.28,11.65,11.7,False,0.209,NA,0.984,0.161,0.228,0.032,0.568,1.0,11.55,Lettres,0.0,0.432,1.55,1,False,0.323,ADMIS,4
271,LYCEE_2ND,11.06,14.76,9.81,True,-0.624,NA,0.881,0.168,0.911,0.582,1.0,0.073,11.88,Communication,0.0,0.851,1.88,0,False,0.552,ADMIS,3
272,BAC_2,14.53,13.32,12.75,False,-0.89,C,0.578,0.847,0.15,0.793,0.107,1.0,13.53,Agronomie,0.811,0.849,2.53,3,True,0.665,ADMIS,3
273,BAC_2,11.91,8.73,8.97,True,-1.47,E,0.738,0.237,0.38,1.0,0.697,0.831,9.87,Gestion_Commerce,0.702,0.846,-0.13,10,False,0.672,REORIENTE,2
274,BAC_2,13.08,15.96,14.88,False,0.903,G,1.0,0.928,0.874,0.28,0.971,0.932,14.64,Informatique,0.851,0.909,2.64,7,True,0.913,ADMIS,5
275,BAC_3,11.03,10.87,6.0,True,-2.514,C,0.332,0.138,0.817,1.0,0.855,0.663,9.3,Communication,0.73,0.93,-0.7,5,False,0.732,REORIENTE,3
276,BAC_1,14.3,14.38,14.0,False,-0.153,C,0.644,0.719,0.899,0.887,0.743,1.0,14.23,Lettres,0.892,0.871,4.23,5,False,0.81,ADMIS,5
277,BAC_1,13.66,10.63,10.45,True,-1.605,D,1.0,0.222,0.634,0.811,0.275,0.635,11.58,Agronomie,0.737,0.856,0.58,2,False,0.857,ADMIS,3
278,LYCEE_1ERE,9.03,10.42,11.96,True,1.461,A,0.006,0.438,0.97,0.899,1.0,0.585,10.47,Lettres,0.739,0.867,0.47,5,False,0.478,ADMIS,5
279,LYCEE_2ND,10.32,11.01,9.67,True,-0.324,NA,1.0,0.929,0.787,0.759,0.232,0.759,10.33,Agronomie,0.0,0.912,-0.67,1,False,0.285,ADMIS,5
280,LYCEE_1ERE,14.83,12.3,14.76,False,-0.032,C,0.415,0.961,1.0,0.203,0.41,0.276,13.96,Lettres,0.914,0.926,3.96,11,False,0.613,ADMIS,4
281,BAC_3,15.57,16.14,15.37,False,-0.098,C,0.367,0.343,0.633,0.463,0.121,1.0,15.69,Lettres,0.879,0.798,5.69,6,True,0.834,ADMIS,4
282,BAC_1,13.66,14.35,11.87,False,-0.896,A,1.0,0.819,0.489,0.684,0.479,0.749,13.29,Agronomie,0.87,0.963,2.29,9,True,0.795,ADMIS,3
283,BAC_2,15.81,13.74,13.93,False,-0.941,E,0.919,0.906,0.79,0.938,1.0,0.379,14.5,Communication,0.903,0.872,4.5,3,False,0.729,ADMIS,5
284,BAC_3,10.87,10.42,10.89,False,0.01,C,0.14,1.0,0.175,0.95,0.703,0.623,10.73,Gestion_Commerce,0.718,0.815,0.73,8,False,0.706,REORIENTE,2
285,BAC_1,10.74,11.9,10.78,False,0.019,E,0.073,0.596,0.963,0.413,1.0,0.23,11.14,Communication,0.808,0.937,1.14,11,False,0.8,ADMIS,5
286,LYCEE_1ERE,12.51,9.38,9.42,False,-1.55,C,1.0,0.791,0.961,0.827,0.668,0.292,10.44,Lettres,0.731,0.856,0.44,11,True,0.695,REORIENTE,3
287,LYCEE_1ERE,11.55,11.96,12.75,False,0.603,D,0.825,0.439,0.056,0.01,1.0,0.39,12.09,Lettres,0.526,0.404,2.09,6,False,0.768,ADMIS,5
288,BAC_3,7.77,8.28,9.4,False,0.815,B,0.3,0.938,0.121,1.0,0.366,0.902,8.49,Droit,0.614,0.925,-3.51,4,False,0.574,REORIENTE,2
289,LYCEE_TLE,13.65,13.91,13.52,False,-0.063,A,0.593,0.004,0.803,1.0,0.798,0.985,13.69,Communication,0.857,0.848,3.69,9,False,0.84,ADMIS,4
290,COLLEGE,11.81,12.3,13.33,False,0.759,NA,0.948,0.805,1.0,0.927,0.322,0.704,12.48,Droit,0.0,0.78,0.48,2,False,0.291,ADMIS,3
291,LYCEE_TLE,9.55,10.02,16.08,True,3.265,C,0.555,0.342,0.928,0.262,0.818,1.0,11.89,Gestion_Commerce,0.782,0.845,1.89,5,False,0.669,ADMIS,3
292,BAC_1,7.65,9.82,10.23,False,1.291,G,0.86,0.722,0.175,1.0,0.188,0.038,9.23,Agronomie,0.654,0.875,-1.77,8,True,0.714,REORIENTE,2
293,BAC_2,15.81,16.16,15.82,False,0.0,G,0.019,1.0,0.411,0.88,0.572,0.593,15.93,Droit,0.915,0.93,3.93,10,False,0.586,ADMIS,4
294,COLLEGE,15.25,12.74,12.98,False,-1.135,NA,0.835,0.752,0.027,1.0,0.934,0.377,13.66,Genie_Civil,0.0,0.811,0.66,0,False,0.211,ADMIS,5
295,LYCEE_2ND,10.01,7.97,8.86,True,-0.577,NA,0.428,0.971,0.868,1.0,0.165,0.546,8.95,Communication,0.0,0.862,-1.05,5,False,0.888,ADMIS,4
296,BAC_3,13.58,11.04,13.11,False,-0.232,C,0.115,0.025,1.0,0.236,0.259,0.584,12.58,Lettres,0.806,0.837,2.58,2,True,0.725,ADMIS,4
297,BAC_2,9.38,11.27,7.7,False,-0.84,B,0.477,1.0,0.676,0.224,0.508,0.802,9.45,Lettres,0.684,0.843,-0.55,9,False,0.745,ADMIS,2
298,BAC_1,14.11,15.97,13.15,False,-0.478,C,0.474,1.0,0.462,0.948,0.914,0.362,14.41,Communication,0.885,0.847,4.41,6,True,0.863,ADMIS,4
299,BAC_1,15.34,14.22,13.97,False,-0.682,A,0.71,0.97,0.091,0.481,1.0,0.219,14.51,Agronomie,0.88,0.899,3.51,7,False,0.666,ADMIS,4
300,BAC_1,10.79,12.05,11.01,True,0.111,C,0.187,0.89,0.347,1.0,0.609,0.551,11.28,Lettres,0.742,0.817,1.28,6,True,0.728,REORIENTE,2
301,BAC_2,12.08,9.93,10.84,False,-0.621,E,0.455,0.125,0.393,0.984,1.0,0.809,10.95,Gestion_Commerce,0.799,0.934,0.95,2,True,0.683,ADMIS,4
302,LYCEE_TLE,10.05,9.16,13.3,True,1.626,D,0.853,0.805,1.0,0.652,0.329,0.51,10.84,Lettres,0.777,0.905,0.84,3,False,0.812,ADMIS,5
303,BAC_2,12.32,10.36,9.68,True,-1.323,A,0.505,0.588,0.98,0.96,1.0,0.823,10.79,Lettres,0.753,0.868,0.79,10,True,0.82,ADMIS,4
304,BAC_2,15.17,16.64,14.38,True,-0.396,A,0.572,0.176,0.283,0.035,0.172,1.0,15.4,Agronomie,0.807,0.718,4.4,9,True,0.686,ADMIS,4
305,BAC_1,8.54,7.19,9.16,False,0.311,E,0.522,1.0,0.968,0.199,0.738,0.231,8.29,Lettres,0.656,0.873,-1.71,10,True,0.682,ADMIS,3
306,BAC_1,11.25,11.68,8.49,True,-1.379,G,0.156,0.595,0.195,0.326,1.0,0.924,10.48,Gestion_Commerce,0.793,0.957,0.48,11,False,0.713,ADMIS,4
307,LYCEE_TLE,11.92,11.56,13.18,False,0.631,D,0.455,0.108,0.476,0.982,0.168,1.0,12.22,Gestion_Commerce,0.71,0.702,2.22,8,False,0.739,ADMIS,3
308,BAC_3,16.93,14.26,16.52,True,-0.204,C,0.148,0.822,0.263,1.0,0.566,0.234,15.9,Communication,0.887,0.812,5.9,5,True,0.888,ADMIS,5
309,BAC_3,6.91,6.67,9.59,False,1.342,D,0.618,0.681,0.676,0.966,1.0,0.443,7.72,Communication,0.652,0.904,-2.28,10,True,0.712,REORIENTE,2
310,BAC_3,16.21,12.53,13.88,True,-1.165,E,0.493,0.224,0.409,1.0,0.387,0.806,14.21,Gestion_Commerce,0.84,0.786,4.21,11,False,0.829,ADMIS,4
311,BAC_2,10.72,8.24,9.67,False,-0.525,C,0.118,1.0,0.26,0.897,0.61,0.716,9.54,Droit,0.674,0.954,-2.46,9,True,0.815,ADMIS,3
312,BAC_3,15.45,16.69,13.64,False,-0.903,G,0.929,0.293,0.866,0.025,1.0,0.597,15.26,Gestion_Commerce,0.859,0.765,5.26,10,False,0.756,ADMIS,4
313,BAC_3,13.1,12.36,16.43,False,1.668,A,0.719,1.0,0.399,0.487,0.385,0.598,13.96,Agronomie,0.885,0.945,2.96,7,False,0.707,ADMIS,5
314,LYCEE_2ND,8.46,10.64,12.13,False,1.835,NA,0.783,0.182,0.504,1.0,0.11,0.777,10.41,Informatique,0.0,0.653,-1.59,6,False,0.856,REORIENTE,1
315,LYCEE_TLE,12.56,10.83,6.0,True,-3.28,D,0.553,0.184,0.403,0.492,0.743,1.0,9.8,Gestion_Commerce,0.736,0.907,-0.2,3,False,0.723,REORIENTE,2
316,LYCEE_1ERE,13.16,11.69,11.46,False,-0.85,C,0.829,0.221,0.039,1.0,0.967,0.204,12.1,Lettres,0.577,0.489,2.1,4,True,0.784,ADMIS,4
317,LYCEE_1ERE,11.24,14.48,13.61,False,1.184,C,0.618,0.177,1.0,0.896,0.98,0.924,13.11,Lettres,0.8,0.793,3.11,7,False,0.614,ADMIS,5
318,LYCEE_1ERE,17.49,17.46,13.97,True,-1.762,C,0.722,0.678,0.752,0.062,1.0,0.055,16.31,Lettres,0.822,0.703,6.31,2,False,0.817,ADMIS,3
319,LYCEE_TLE,14.51,12.21,13.65,True,-0.429,A,0.2,0.821,1.0,0.073,0.271,0.467,13.46,Lettres,0.895,0.928,3.46,11,False,0.626,ADMIS,4
320,BAC_3,15.05,13.34,18.81,True,1.884,G,0.97,0.886,0.66,0.297,1.0,0.012,15.73,Agronomie,0.91,0.868,4.73,11,False,0.719,ADMIS,4
321,LYCEE_1ERE,10.33,11.27,8.19,True,-1.07,D,0.246,0.443,0.266,0.946,0.702,1.0,9.93,Lettres,0.618,0.701,-0.07,10,False,0.664,REORIENTE,3
322,LYCEE_TLE,13.08,11.89,11.93,False,-0.576,D,0.443,1.0,0.297,0.707,0.822,0.514,12.3,Gestion_Commerce,0.791,0.831,2.3,11,False,0.674,ADMIS,4
323,BAC_3,16.08,13.18,11.57,True,-2.256,D,0.816,0.54,0.866,1.0,0.766,0.112,13.61,Communication,0.888,0.906,3.61,4,False,0.728,ADMIS,4
324,LYCEE_TLE,10.83,10.85,9.88,False,-0.472,A,0.835,0.024,0.248,0.059,1.0,0.006,10.52,Gestion_Commerce,0.625,0.673,0.52,6,True,0.658,ADMIS,4
325,COLLEGE,11.46,11.08,9.21,False,-1.124,NA,0.029,0.172,0.703,0.368,0.016,1.0,10.58,Lettres,0.0,0.762,0.58,2,False,0.553,ADMIS,3
326,COLLEGE,11.66,13.81,14.25,False,1.296,NA,0.862,0.307,0.272,1.0,0.586,0.123,13.24,Gestion_Commerce,0.0,0.67,3.24,6,True,0.658,ADMIS,4
327,BAC_3,12.11,10.61,15.36,False,1.624,E,0.098,0.939,1.0,0.781,0.749,0.064,12.69,Communication,0.874,0.943,2.69,5,True,0.652,ADMIS,4
328,LYCEE_TLE,10.12,13.23,12.44,False,1.158,B,0.209,0.589,0.622,1.0,0.603,0.809,11.93,Communication,0.812,0.892,1.93,10,True,0.57,ADMIS,5
329,LYCEE_2ND,12.42,11.61,12.0,True,-0.21,NA,0.854,0.128,0.264,1.0,0.191,0.102,12.01,Genie_Civil,0.0,0.605,-0.99,2,False,0.252,REORIENTE,2
330,LYCEE_TLE,13.3,10.94,14.24,False,0.468,A,0.364,0.304,1.0,0.439,0.63,0.856,12.83,Communication,0.848,0.891,2.83,7,False,0.53,ADMIS,3
331,BAC_1,11.02,11.35,9.39,False,-0.816,C,0.603,0.337,0.659,0.147,1.0,0.777,10.59,Gestion_Commerce,0.756,0.887,0.59,5,False,0.636,ADMIS,3
332,BAC_2,9.22,9.99,10.3,False,0.538,B,0.311,0.363,1.0,0.865,0.627,0.969,9.84,Communication,0.744,0.917,-0.16,10,False,0.693,ADMIS,4
333,BAC_2,8.78,7.93,9.25,False,0.236,B,0.89,0.391,1.0,0.123,0.867,0.942,8.65,Communication,0.603,0.761,-1.35,11,False,0.795,ADMIS,4
334,LYCEE_2ND,13.35,13.51,15.66,False,1.154,NA,0.782,1.0,0.016,0.295,0.5,0.672,14.17,Informatique,0.0,0.971,2.17,1,False,0.376,ADMIS,4
335,BAC_1,15.06,15.81,15.98,False,0.458,D,0.826,0.011,0.818,0.417,1.0,0.244,15.62,Communication,0.887,0.812,5.62,8,False,0.641,ADMIS,5
336,BAC_1,14.25,14.07,14.69,True,0.217,E,0.414,1.0,0.835,0.887,0.364,0.599,14.34,Lettres,0.939,0.943,4.34,9,True,0.925,ADMIS,5
337,BAC_1,12.53,12.73,11.42,False,-0.558,D,0.956,1.0,0.841,0.809,0.368,0.582,12.23,Lettres,0.811,0.87,2.23,4,True,0.707,ADMIS,4
338,LYCEE_TLE,7.96,6.86,10.25,False,1.144,G,0.142,0.592,0.64,0.392,0.39,1.0,8.36,Lettres,0.64,0.842,-1.64,6,False,0.776,ADMIS,4
339,BAC_1,9.3,9.49,9.97,False,0.335,G,1.0,0.36,0.724,0.54,0.455,0.24,9.59,Agronomie,0.672,0.881,-1.41,9,True,0.692,ADMIS,5
340,BAC_3,11.29,11.49,11.73,True,0.221,C,0.117,0.271,0.083,0.529,0.282,1.0,11.5,Gestion_Commerce,0.74,0.799,1.5,11,False,0.709,ADMIS,3
341,BAC_3,16.74,16.68,15.24,False,-0.745,A,0.895,0.06,0.392,0.054,1.0,0.915,16.22,Agronomie,0.857,0.761,5.22,7,True,0.847,ADMIS,3
342,LYCEE_TLE,9.44,10.91,12.36,False,1.461,D,0.762,0.547,0.152,0.097,0.476,1.0,10.91,Gestion_Commerce,0.678,0.736,0.91,2,False,0.828,ADMIS,3
343,BAC_3,12.11,13.37,10.51,False,-0.803,E,1.0,0.243,0.116,0.978,0.796,0.379,12.0,Agronomie,0.764,0.874,1.0,6,False,0.717,ADMIS,4
344,BAC_2,9.94,10.68,8.19,False,-0.873,B,0.95,1.0,0.821,0.3,0.665,0.083,9.6,Lettres,0.658,0.79,-0.4,6,False,0.952,ADMIS,5
345,LYCEE_2ND,18.35,17.62,16.47,False,-0.936,NA,1.0,0.023,0.641,0.175,0.733,0.072,17.48,Communication,0.0,0.666,7.48,0,False,0.27,ADMIS,4
346,BAC_3,14.8,16.23,12.63,True,-1.087,C,0.494,1.0,0.374,0.428,0.342,0.911,14.55,Informatique,0.85,0.913,2.55,6,True,0.591,ADMIS,4
347,BAC_1,14.48,15.93,16.86,True,1.19,G,0.505,0.071,0.435,0.348,1.0,0.701,15.76,Gestion_Commerce,0.965,0.942,5.76,11,True,0.766,ADMIS,5
348,LYCEE_2ND,11.63,13.45,11.86,True,0.115,NA,0.139,0.84,0.027,0.058,1.0,0.778,12.31,Agronomie,0.0,0.694,1.31,2,False,0.496,ADMIS,4
349,COLLEGE,13.58,14.21,15.02,False,0.721,NA,0.165,1.0,0.203,0.32,0.159,0.846,14.27,Informatique,0.0,0.831,2.27,1,False,0.3,ADMIS,4
350,BAC_1,14.83,14.69,12.65,True,-1.089,C,0.583,0.82,1.0,0.361,0.738,0.762,14.06,Lettres,0.896,0.889,4.06,10,False,0.909,ADMIS,5
351,LYCEE_TLE,12.73,12.81,11.63,False,-0.552,C,0.307,1.0,0.245,0.381,0.955,0.458,12.39,Gestion_Commerce,0.802,0.845,2.39,4,False,0.862,REORIENTE,2
352,BAC_1,10.68,10.0,10.04,True,-0.32,B,0.628,1.0,0.906,0.935,0.216,0.548,10.24,Lettres,0.768,0.93,0.24,9,False,0.888,ADMIS,5
353,BAC_1,13.56,13.67,13.01,False,-0.274,E,0.696,0.424,1.0,0.777,0.564,0.221,13.41,Communication,0.898,0.935,3.41,9,False,0.729,ADMIS,2
354,COLLEGE,14.75,13.32,13.0,True,-0.877,NA,0.646,0.491,1.0,0.762,0.513,0.268,13.69,Communication,0.0,0.941,3.69,9,False,0.729,ADMIS,4
355,BAC_2,9.34,10.07,8.68,True,-0.327,C,0.497,0.985,0.165,1.0,0.436,0.155,9.36,Agronomie,0.64,0.843,-1.64,10,True,0.707,ADMIS,5
356,BAC_2,10.05,10.36,10.46,False,0.202,D,1.0,0.496,0.425,0.252,0.237,0.801,10.29,Agronomie,0.725,0.922,-0.71,6,True,0.698,ADMIS,4
357,LYCEE_1ERE,10.33,10.53,12.08,False,0.876,D,0.394,0.494,0.324,1.0,0.305,0.569,10.98,Lettres,0.71,0.785,0.98,10,False,0.662,ADMIS,4
358,LYCEE_TLE,12.38,11.64,15.19,True,1.404,G,0.508,0.743,1.0,0.688,0.273,0.665,13.07,Lettres,0.896,0.954,3.07,5,False,0.872,ADMIS,3
359,BAC_2,14.47,13.83,15.06,False,0.298,D,1.0,0.347,0.937,0.755,0.216,0.14,14.45,Lettres,0.856,0.796,4.45,9,False,0.612,ADMIS,4
360,LYCEE_TLE,13.15,12.43,13.15,True,-0.003,C,0.464,1.0,0.151,0.363,0.215,0.477,12.91,Lettres,0.747,0.718,2.91,2,True,0.79,ADMIS,3
361,BAC_3,11.82,13.14,11.63,False,-0.095,C,0.047,0.192,0.16,0.622,1.0,0.398,12.2,Gestion_Commerce,0.868,0.967,2.2,6,False,0.746,ADMIS,4
362,BAC_2,12.84,13.1,15.2,False,1.179,C,0.239,0.303,0.098,0.026,1.0,0.099,13.72,Gestion_Commerce,0.849,0.833,3.72,8,False,0.652,ADMIS,4
363,LYCEE_1ERE,14.95,15.67,14.96,True,0.002,C,0.467,0.496,1.0,0.691,0.524,0.88,15.19,Lettres,0.944,0.907,5.19,4,True,0.584,ADMIS,5
364,BAC_1,12.14,13.46,11.02,True,-0.559,G,0.053,0.599,0.683,1.0,0.703,0.111,12.21,Communication,0.856,0.946,2.21,4,True,0.776,ADMIS,4
365,LYCEE_TLE,9.5,10.01,12.71,True,1.604,A,0.937,0.289,0.503,1.0,0.569,0.413,10.74,Gestion_Commerce,0.662,0.72,0.74,10,True,0.606,ADMIS,3
366,COLLEGE,16.24,16.04,15.24,False,-0.5,NA,0.969,0.453,0.496,1.0,0.225,0.813,15.84,Gestion_Commerce,0.0,0.656,5.84,10,True,0.606,ADMIS,5
367,BAC_3,11.16,15.54,11.27,False,0.055,C,0.856,1.0,0.336,0.144,0.755,0.714,12.66,Agronomie,0.826,0.933,1.66,10,False,0.715,ADMIS,3
368,LYCEE_2ND,15.17,17.76,14.95,False,-0.112,NA,1.0,0.095,0.121,0.941,0.869,0.903,15.96,Agronomie,0.0,0.835,4.96,10,False,0.715,ADMIS,4
369,BAC_1,12.69,11.84,14.74,True,1.026,E,0.609,0.563,0.316,0.612,0.311,1.0,13.09,Gestion_Commerce,0.78,0.76,3.09,9,False,0.669,ADMIS,3
370,BAC_2,10.21,10.34,8.95,False,-0.632,D,0.433,0.76,1.0,0.038,0.689,0.239,9.83,Lettres,0.709,0.86,-0.17,10,True,0.625,ADMIS,4
371,LYCEE_1ERE,12.31,10.67,13.5,True,0.596,G,0.729,1.0,0.185,0.178,0.111,0.604,12.16,Lettres,0.673,0.645,2.16,3,False,0.715,REORIENTE,2
372,BAC_1,12.89,11.81,12.65,True,-0.118,C,0.574,0.317,0.979,0.615,1.0,0.364,12.45,Communication,0.859,0.935,2.45,6,False,0.818,ADMIS,4
373,BAC_1,7.73,12.87,8.22,True,0.246,A,0.224,1.0,0.488,0.045,0.214,0.526,9.61,Lettres,0.67,0.81,-0.39,3,True,0.777,ADMIS,3
374,BAC_1,11.75,11.71,11.13,True,-0.307,A,1.0,0.118,0.224,0.321,0.887,0.753,11.53,Gestion_Commerce,0.752,0.818,1.53,8,False,0.706,ADMIS,5
375,LYCEE_1ERE,11.67,11.55,15.19,True,1.76,E,0.94,0.258,0.237,1.0,0.707,0.469,12.8,Lettres,0.674,0.603,2.8,10,False,0.731,ADMIS,4
376,BAC_3,9.43,11.39,10.53,True,0.549,D,0.375,0.527,0.416,0.885,0.2,1.0,10.45,Lettres,0.685,0.778,0.45,11,True,0.807,ADMIS,5
377,LYCEE_1ERE,11.38,12.86,10.83,True,-0.275,G,0.182,1.0,0.017,0.534,0.325,0.924,11.69,Lettres,0.663,0.659,1.69,4,True,0.518,REORIENTE,3
378,BAC_1,15.37,13.96,15.63,False,0.127,G,0.968,0.568,1.0,0.768,0.524,0.655,14.98,Lettres,0.915,0.859,4.98,11,False,0.821,ADMIS,4
379,BAC_2,11.65,12.0,16.9,True,2.626,G,0.726,0.65,1.0,0.281,0.073,0.562,13.52,Lettres,0.869,0.881,3.52,3,True,0.667,ADMIS,5
380,LYCEE_1ERE,11.49,11.07,10.37,False,-0.564,A,0.309,1.0,0.391,0.248,0.416,0.311,10.98,Lettres,0.73,0.817,0.98,7,True,0.723,ADMIS,5
381,LYCEE_1ERE,15.97,14.51,13.16,True,-1.404,C,0.689,0.533,1.0,0.111,0.722,0.258,14.55,Lettres,0.872,0.816,4.55,11,False,0.54,ADMIS,3
382,LYCEE_TLE,10.5,11.82,12.91,False,1.207,C,0.141,0.933,0.126,0.477,1.0,0.484,11.75,Gestion_Commerce,0.796,0.876,1.75,10,False,0.689,ADMIS,5
383,BAC_1,11.72,12.71,14.94,True,1.608,D,0.796,1.0,0.368,0.172,0.278,0.156,13.13,Informatique,0.825,0.967,1.13,9,False,0.668,ADMIS,4
384,LYCEE_1ERE,11.32,12.91,14.76,False,1.723,G,0.407,0.123,0.498,0.687,0.73,1.0,12.99,Lettres,0.736,0.694,2.99,3,False,0.622,ADMIS,4
385,BAC_2,9.28,8.16,9.07,False,-0.106,A,0.975,0.934,0.119,0.533,1.0,0.859,8.84,Agronomie,0.682,0.947,-2.16,10,False,0.695,REORIENTE,3
386,BAC_1,14.5,11.15,16.33,False,0.912,D,0.053,0.826,0.807,0.157,1.0,0.587,14.0,Gestion_Commerce,0.864,0.84,4.0,10,False,0.734,ADMIS,5
387,BAC_2,11.06,12.64,9.79,True,-0.635,C,0.947,0.485,0.174,0.906,1.0,0.106,11.16,Gestion_Commerce,0.698,0.753,1.16,9,True,0.909,ADMIS,4
388,BAC_2,9.35,6.46,6.0,False,-1.673,C,0.625,1.0,0.674,0.767,0.945,0.998,7.27,Gestion_Commerce,0.612,0.869,-2.73,7,True,0.666,REORIENTE,3
389,LYCEE_TLE,13.11,10.78,11.35,True,-0.88,A,0.553,0.131,0.819,0.065,0.492,1.0,11.74,Gestion_Commerce,0.712,0.737,1.74,5,False,0.745,ADMIS,3
390,BAC_1,15.74,13.53,15.73,False,-0.009,D,0.815,0.632,1.0,0.982,0.505,0.193,15.0,Lettres,0.93,0.883,5.0,10,False,0.967,ADMIS,5
391,LYCEE_1ERE,16.58,14.76,14.08,True,-1.254,D,0.406,1.0,0.732,0.011,0.852,0.713,15.14,Lettres,0.874,0.789,5.14,9,False,0.783,ADMIS,4
392,BAC_1,13.05,14.22,12.31,True,-0.368,E,0.263,0.809,1.0,0.913,0.305,0.849,13.19,Lettres,0.899,0.952,3.19,5,False,0.514,ADMIS,5
393,LYCEE_1ERE,13.18,15.03,14.5,False,0.659,D,1.0,0.347,0.556,0.944,0.496,0.91,14.24,Lettres,0.801,0.718,4.24,5,True,0.787,ADMIS,4
394,BAC_1,9.07,8.91,9.13,False,0.027,B,1.0,0.515,0.457,0.518,0.741,0.442,9.04,Agronomie,0.692,0.95,-1.96,6,False,0.71,REORIENTE,3
395,BAC_1,9.33,11.01,12.71,False,1.689,C,0.854,0.465,0.954,0.366,0.776,1.0,11.02,Gestion_Commerce,0.723,0.803,1.02,11,False,0.864,ADMIS,3
396,BAC_2,12.91,16.56,14.0,False,0.545,E,0.361,0.029,0.527,0.208,1.0,0.319,14.49,Gestion_Commerce,0.914,0.89,4.49,9,True,0.913,ADMIS,5
397,BAC_3,12.19,13.7,12.34,True,0.076,G,0.663,0.936,0.469,0.824,1.0,0.834,12.74,Gestion_Commerce,0.839,0.881,2.74,8,False,0.7,ADMIS,3
398,LYCEE_TLE,11.69,11.78,10.43,True,-0.635,G,0.985,0.452,0.05,0.319,0.879,1.0,11.3,Gestion_Commerce,0.747,0.825,1.3,2,False,0.769,ADMIS,5
399,LYCEE_TLE,13.63,14.09,14.32,False,0.345,A,0.09,0.532,0.202,0.53,0.615,1.0,14.02,Gestion_Commerce,0.904,0.905,4.02,7,True,0.814,ADMIS,4
400,LYCEE_TLE,14.62,15.94,19.0,False,2.189,D,0.682,1.0,0.353,0.622,0.959,0.309,16.52,Communication,0.861,0.768,6.52,7,False,0.721,ADMIS,5
401,BAC_3,11.39,14.45,14.84,False,1.725,C,0.736,1.0,0.828,0.12,0.433,0.652,13.56,Lettres,0.843,0.835,3.56,6,False,0.76,ADMIS,3
402,BAC_3,11.25,11.08,12.57,True,0.658,D,0.588,1.0,0.955,0.794,0.963,0.124,11.63,Lettres,0.792,0.877,1.63,8,False,0.849,ADMIS,3
403,BAC_3,11.91,13.48,13.33,False,0.71,D,0.775,0.012,0.069,0.082,1.0,0.289,12.91,Gestion_Commerce,0.78,0.773,2.91,9,False,0.888,ADMIS,4
404,BAC_3,17.02,15.68,14.29,False,-1.367,C,1.0,0.96,0.243,0.888,0.597,0.629,15.66,Agronomie,0.969,0.97,4.66,4,False,0.83,ADMIS,4
405,BAC_1,10.95,14.97,13.03,True,1.038,G,0.117,0.855,1.0,0.863,0.736,0.803,12.98,Lettres,0.882,0.937,2.98,8,False,0.857,ADMIS,4
406,BAC_2,10.98,11.83,10.84,False,-0.069,D,0.098,0.968,0.805,0.151,1.0,0.131,11.22,Lettres,0.731,0.804,1.22,7,True,0.728,ADMIS,4
407,LYCEE_TLE,13.33,11.73,13.82,False,0.244,A,0.762,0.472,0.498,1.0,0.826,0.246,12.96,Communication,0.829,0.852,2.96,5,False,0.713,ADMIS,3
408,LYCEE_TLE,12.17,12.1,15.39,False,1.606,A,0.155,0.495,0.869,0.421,0.856,1.0,13.22,Gestion_Commerce,0.866,0.895,3.22,6,False,0.576,ADMIS,5
409,BAC_1,14.02,14.08,12.66,False,-0.68,C,0.82,0.709,0.14,0.214,0.322,1.0,13.59,Agronomie,0.848,0.907,2.59,2,False,0.763,REORIENTE,2
410,BAC_3,14.2,15.18,14.76,False,0.278,A,1.0,0.526,0.962,0.669,0.723,0.833,14.72,Agronomie,0.87,0.869,3.72,11,True,0.637,ADMIS,5
411,LYCEE_TLE,14.84,14.37,13.72,True,-0.561,G,0.975,0.797,0.81,1.0,0.614,0.9,14.31,Lettres,0.874,0.836,4.31,11,False,0.838,ADMIS,5
412,BAC_1,13.57,14.31,13.23,False,-0.168,C,0.834,0.096,0.133,0.356,1.0,0.416,13.7,Gestion_Commerce,0.851,0.839,3.7,11,False,0.638,ADMIS,4
413,LYCEE_TLE,14.55,11.42,15.75,True,0.598,C,0.353,1.0,0.055,0.44,0.871,0.498,13.91,Gestion_Commerce,0.853,0.828,3.91,6,False,0.622,ADMIS,4
414,BAC_1,16.23,14.04,14.08,False,-1.076,D,0.11,0.439,0.616,0.082,0.112,1.0,14.78,Lettres,0.844,0.754,4.78,6,False,0.811,ADMIS,4
415,BAC_2,13.44,11.43,11.59,False,-0.923,G,1.0,0.093,0.792,0.223,0.85,0.764,12.15,Gestion_Commerce,0.749,0.771,2.15,9,False,0.609,ADMIS,4
416,BAC_2,9.35,7.89,11.56,False,1.11,D,0.118,1.0,0.518,0.785,0.229,0.144,9.6,Lettres,0.718,0.889,-0.4,11,True,0.819,ADMIS,4
417,LYCEE_1ERE,11.05,12.13,10.46,True,-0.295,C,1.0,0.095,0.614,0.238,0.398,0.345,11.22,Lettres,0.619,0.618,1.22,9,True,0.86,REORIENTE,4
418,BAC_1,11.96,14.9,11.46,False,-0.248,C,0.095,0.828,1.0,0.706,0.008,0.788,12.78,Lettres,0.883,0.953,2.78,2,False,0.734,ADMIS,5
419,BAC_1,13.87,16.84,16.5,False,1.314,A,0.106,0.673,0.544,1.0,0.062,0.272,15.74,Lettres,0.931,0.885,5.74,9,False,0.854,ADMIS,3
420,BAC_1,15.36,15.94,17.16,False,0.901,G,0.639,0.13,1.0,0.014,0.998,0.111,16.15,Communication,0.867,0.779,6.15,3,False,0.729,ADMIS,4
421,BAC_1,8.46,10.28,9.92,False,0.725,C,0.038,0.272,0.949,0.304,1.0,0.571,9.55,Communication,0.722,0.9,-0.45,11,True,0.714,ADMIS,5
422,LYCEE_TLE,10.74,12.31,11.63,False,0.447,E,0.971,0.629,0.445,1.0,0.508,0.234,11.56,Communication,0.728,0.775,1.56,9,True,0.885,ADMIS,5
423,LYCEE_TLE,11.55,12.61,11.85,False,0.148,C,0.931,1.0,0.161,0.199,0.381,0.846,12.0,Gestion_Commerce,0.658,0.63,2.0,9,False,0.724,ADMIS,5
424,LYCEE_TLE,15.46,15.16,15.08,False,-0.191,C,0.746,0.664,1.0,0.535,0.201,0.242,15.23,Lettres,0.946,0.909,5.23,11,True,0.829,ADMIS,4
425,LYCEE_1ERE,12.14,10.71,9.81,True,-1.163,D,0.78,1.0,0.981,0.059,0.548,0.025,10.89,Lettres,0.719,0.806,0.89,8,True,0.742,ADMIS,2
426,COLLEGE,12.31,9.8,8.23,True,-2.042,NA,0.503,0.767,0.542,0.28,0.546,1.0,10.11,Agronomie,0.0,0.836,-0.89,2,False,0.552,REORIENTE,2
427,LYCEE_TLE,11.9,9.58,11.03,False,-0.435,D,0.172,0.95,0.584,0.674,1.0,0.22,10.84,Gestion_Commerce,0.725,0.819,0.84,11,True,0.971,ADMIS,4
428,LYCEE_1ERE,11.6,14.33,13.07,False,0.733,A,0.337,1.0,0.495,0.684,0.264,0.262,13.0,Lettres,0.852,0.887,3.0,3,False,0.688,ADMIS,4
429,BAC_3,14.79,13.98,14.83,False,0.019,A,0.193,0.756,0.126,0.475,0.8,1.0,14.53,Gestion_Commerce,0.926,0.907,4.53,8,False,0.726,ADMIS,4
430,BAC_1,12.41,14.06,14.03,True,0.811,A,1.0,0.74,0.683,0.803,0.312,0.662,13.5,Agronomie,0.856,0.926,2.5,6,True,0.603,ADMIS,3
431,BAC_2,8.85,10.46,10.98,True,1.069,A,0.769,0.704,1.0,0.209,0.901,0.981,10.1,Communication,0.683,0.798,0.1,10,True,0.718,ADMIS,4
432,LYCEE_TLE,12.18,11.75,13.28,True,0.553,D,1.0,0.421,0.85,0.48,0.627,0.847,12.4,Communication,0.77,0.79,2.4,11,False,0.665,ADMIS,3
433,LYCEE_TLE,13.3,13.4,14.57,False,0.636,C,0.313,0.181,0.647,1.0,0.823,0.108,13.76,Communication,0.907,0.928,3.76,10,False,0.843,ADMIS,4
434,LYCEE_2ND,13.89,14.66,11.92,True,-0.987,NA,0.943,0.363,0.35,1.0,0.201,0.763,13.49,Lettres,0.0,0.672,3.49,2,False,0.778,ADMIS,4
435,LYCEE_1ERE,13.47,18.66,15.78,False,1.155,D,0.623,1.0,0.269,0.19,0.401,0.163,15.97,Lettres,0.818,0.696,5.97,8,False,0.659,ADMIS,3
436,BAC_1,11.0,11.67,7.58,True,-1.71,C,1.0,0.744,0.283,0.963,0.366,0.548,10.08,Agronomie,0.734,0.952,-0.92,3,False,0.695,ADMIS,4
437,LYCEE_2ND,15.36,14.14,12.47,True,-1.442,NA,0.513,0.165,0.365,1.0,0.215,0.172,13.99,Lettres,0.0,0.702,3.99,7,False,0.706,ADMIS,5
438,BAC_1,10.19,10.41,12.34,False,1.075,D,0.317,0.367,0.163,0.62,1.0,0.435,10.98,Gestion_Commerce,0.814,0.958,0.98,2,True,0.74,ADMIS,4
439,LYCEE_2ND,12.0,9.81,9.95,True,-1.022,NA,1.0,0.82,0.113,0.549,0.037,0.622,10.59,Lettres,0.0,0.604,0.59,2,False,0.354,REORIENTE,2
440,BAC_1,15.83,15.63,12.51,False,-1.66,C,0.691,0.751,0.785,0.664,1.0,0.287,14.65,Communication,0.922,0.893,4.65,4,False,0.813,ADMIS,3
441,LYCEE_TLE,11.1,10.67,10.42,True,-0.343,A,1.0,0.668,0.004,0.681,0.605,0.806,10.73,Gestion_Commerce,0.681,0.753,0.73,4,False,0.865,REORIENTE,3
442,BAC_1,12.77,13.72,12.43,False,-0.171,C,0.855,1.0,0.445,0.87,0.717,0.183,12.98,Agronomie,0.832,0.922,1.98,10,False,0.513,ADMIS,4
443,BAC_3,11.65,12.31,12.46,False,0.405,D,0.186,0.817,0.709,1.0,0.249,0.341,12.14,Lettres,0.845,0.933,2.14,8,False,0.777,ADMIS,3
444,LYCEE_2ND,16.07,14.22,15.74,False,-0.162,NA,0.973,1.0,0.324,0.885,0.674,0.107,15.34,Lettres,0.0,0.704,5.34,8,False,0.777,ADMIS,5
445,LYCEE_TLE,11.47,11.92,11.31,False,-0.082,A,0.961,0.562,0.781,1.0,0.021,0.999,11.57,Lettres,0.738,0.792,1.57,3,False,0.726,ADMIS,5
446,LYCEE_TLE,12.31,12.27,14.29,False,0.988,C,0.064,0.712,0.274,0.301,1.0,0.388,12.96,Gestion_Commerce,0.861,0.904,2.96,2,True,0.647,ADMIS,4
447,BAC_3,14.14,16.68,15.22,False,0.54,B,0.427,0.751,0.049,0.784,0.005,1.0,15.35,Droit,0.836,0.837,3.35,9,False,0.693,ADMIS,3
448,LYCEE_2ND,12.22,13.97,11.78,False,-0.22,NA,0.855,0.361,1.0,0.645,0.029,0.785,12.66,Droit,0.0,0.673,0.66,9,False,0.693,ADMIS,5
449,LYCEE_TLE,16.52,14.92,13.74,False,-1.387,B,1.0,0.95,0.352,0.262,0.812,0.426,15.06,Gestion_Commerce,0.826,0.711,5.06,8,False,0.715,ADMIS,4
450,BAC_2,11.23,11.79,9.65,True,-0.787,D,0.644,0.977,0.093,1.0,0.106,0.364,10.89,Agronomie,0.716,0.866,-0.11,8,False,0.789,ADMIS,4
451,BAC_2,10.53,9.34,8.39,True,-1.072,A,0.716,0.72,1.0,0.953,0.794,0.441,9.42,Communication,0.739,0.938,-0.58,4,False,0.605,ADMIS,4
452,LYCEE_2ND,13.55,10.83,10.96,False,-1.295,NA,0.772,0.582,0.639,1.0,0.357,0.821,11.78,Genie_Civil,0.0,0.803,-1.22,2,False,0.278,ADMIS,3
453,BAC_1,13.36,14.3,14.24,False,0.438,C,0.895,0.077,1.0,0.034,0.212,0.723,13.97,Lettres,0.768,0.682,3.97,11,False,0.853,ADMIS,5
454,BAC_2,11.92,10.62,7.62,False,-2.148,C,0.529,0.211,0.003,0.693,0.71,1.0,10.06,Gestion_Commerce,0.736,0.89,0.06,7,False,0.841,ADMIS,4
455,BAC_2,14.08,12.3,14.16,False,0.038,C,1.0,0.724,0.432,0.979,0.913,0.754,13.51,Agronomie,0.86,0.932,2.51,11,False,0.682,ADMIS,4
456,COLLEGE,11.97,10.91,9.67,False,-1.148,NA,0.664,0.297,0.257,1.0,0.179,0.033,10.85,Informatique,0.0,0.603,-1.15,0,False,0.438,ADMIS,5
457,LYCEE_TLE,10.27,8.98,9.33,False,-0.47,B,0.772,0.964,1.0,0.933,0.589,0.875,9.52,Lettres,0.725,0.906,-0.48,9,True,0.804,ADMIS,5
458,LYCEE_1ERE,15.05,16.24,12.62,True,-1.216,G,1.0,0.303,0.127,0.277,0.344,0.154,14.64,Lettres,0.657,0.452,4.64,11,False,0.85,ADMIS,3
459,BAC_3,11.18,9.43,9.97,False,-0.604,D,0.588,0.059,0.035,0.173,0.746,1.0,10.19,Gestion_Commerce,0.721,0.855,0.19,5,False,0.75,ADMIS,4
460,LYCEE_TLE,14.93,15.74,13.89,False,-0.518,D,0.694,0.29,0.63,0.625,1.0,0.526,14.85,Gestion_Commerce,0.928,0.89,4.85,6,False,0.777,ADMIS,5
461,LYCEE_1ERE,9.42,10.27,8.95,False,-0.234,A,0.698,0.098,0.927,0.908,0.09,1.0,9.55,Lettres,0.649,0.778,-0.45,10,False,0.673,ADMIS,4
462,LYCEE_TLE,16.16,16.16,14.61,False,-0.775,D,0.446,0.443,0.165,1.0,0.233,0.422,15.64,Gestion_Commerce,0.803,0.671,5.64,9,False,0.607,ADMIS,5
463,LYCEE_TLE,9.51,13.7,12.83,False,1.66,D,1.0,0.836,0.8,0.354,0.12,0.957,12.02,Lettres,0.753,0.787,2.02,5,False,0.694,ADMIS,4
464,BAC_1,14.17,13.63,11.54,False,-1.314,C,0.311,0.414,0.721,1.0,0.729,0.725,13.11,Communication,0.88,0.926,3.11,6,False,0.618,ADMIS,3
465,LYCEE_TLE,14.76,12.35,17.6,True,1.419,C,0.509,1.0,0.624,0.201,0.995,0.869,14.9,Gestion_Commerce,0.905,0.848,4.9,6,False,0.805,ADMIS,5
466,LYCEE_1ERE,9.65,7.83,10.84,False,0.596,D,0.588,0.136,0.164,0.367,1.0,0.951,9.44,Lettres,0.473,0.492,-0.56,5,False,0.681,ADMIS,4
467,BAC_2,10.05,13.92,14.73,True,2.341,D,0.222,0.986,0.962,0.63,1.0,0.511,12.9,Communication,0.87,0.924,2.9,6,True,0.826,ADMIS,2
468,BAC_1,7.98,8.55,11.12,False,1.57,G,0.199,1.0,0.076,0.592,0.628,0.243,9.21,Droit,0.602,0.856,-2.79,6,True,0.517,REORIENTE,1
469,LYCEE_1ERE,10.79,10.16,11.11,False,0.159,D,0.341,0.019,1.0,0.474,0.088,0.674,10.68,Lettres,0.729,0.836,0.68,3,False,0.763,REORIENTE,2
470,LYCEE_1ERE,15.01,15.86,14.49,True,-0.258,D,0.441,0.39,0.21,1.0,0.834,0.392,15.12,Lettres,0.802,0.67,5.12,8,False,1.0,ADMIS,4
471,LYCEE_1ERE,14.58,15.69,12.58,False,-1.004,A,0.135,0.57,0.408,1.0,0.825,0.15,14.28,Lettres,0.834,0.771,4.28,8,False,0.87,ADMIS,4
472,BAC_1,9.31,9.12,7.82,False,-0.749,D,1.0,0.954,0.117,0.386,0.541,0.964,8.75,Agronomie,0.685,0.958,-2.25,6,False,0.832,REORIENTE,1
473,LYCEE_TLE,15.2,12.79,12.9,False,-1.152,C,0.723,1.0,0.841,0.255,0.763,0.716,13.63,Lettres,0.847,0.837,3.63,5,False,0.675,ADMIS,4
474,BAC_3,9.86,9.74,8.42,False,-0.718,D,0.079,0.614,0.108,1.0,0.681,0.585,9.34,Gestion_Commerce,0.688,0.858,-0.66,8,False,0.828,ADMIS,3
475,BAC_1,10.98,14.74,15.06,False,2.038,G,0.005,0.285,0.923,1.0,0.612,0.05,13.59,Communication,0.926,0.971,3.59,4,False,0.918,ADMIS,5
476,BAC_3,13.41,11.99,14.17,True,0.376,D,0.304,1.0,0.688,0.91,0.006,0.554,13.19,Lettres,0.875,0.912,3.19,8,True,0.75,ADMIS,4
477,LYCEE_1ERE,13.67,14.1,14.98,False,0.655,E,0.027,0.918,0.906,1.0,0.101,0.121,14.25,Lettres,0.934,0.94,4.25,11,False,0.738,ADMIS,5
478,LYCEE_1ERE,12.99,11.88,14.72,False,0.868,A,0.771,0.796,1.0,0.938,0.436,0.134,13.2,Lettres,0.869,0.902,3.2,11,False,0.723,ADMIS,4
479,BAC_3,13.98,13.72,13.01,False,-0.488,A,0.433,0.674,0.78,0.758,1.0,0.727,13.57,Communication,0.89,0.912,3.57,11,True,0.789,ADMIS,4
480,LYCEE_TLE,12.68,12.78,11.74,True,-0.471,A,0.549,0.776,0.988,0.91,0.089,1.0,12.4,Lettres,0.84,0.907,2.4,3,False,0.734,ADMIS,4
481,BAC_1,12.86,12.43,10.12,True,-1.371,D,0.306,0.06,0.17,1.0,0.641,0.854,11.81,Gestion_Commerce,0.796,0.873,1.81,2,True,0.552,ADMIS,3
482,BAC_2,15.51,14.9,19.0,True,1.747,C,0.024,0.736,0.402,1.0,0.415,0.695,16.47,Droit,0.935,0.928,4.47,4,True,0.656,ADMIS,4
483,LYCEE_TLE,11.01,16.87,12.34,False,0.662,C,0.311,0.56,0.741,0.101,1.0,0.782,13.41,Gestion_Commerce,0.869,0.888,3.41,8,False,0.724,ADMIS,4
484,BAC_1,10.56,12.15,10.16,False,-0.204,G,0.306,1.0,0.348,0.743,0.403,0.09,10.96,Lettres,0.729,0.819,0.96,6,False,0.873,ADMIS,5
485,BAC_1,18.04,15.44,16.56,True,-0.739,E,0.884,0.595,0.08,1.0,0.976,0.163,16.68,Agronomie,0.927,0.878,5.68,11,False,0.721,ADMIS,3
486,LYCEE_1ERE,9.49,10.62,9.52,False,0.013,C,1.0,0.978,0.076,0.721,0.169,0.233,9.88,Lettres,0.561,0.61,-0.12,5,False,0.874,REORIENTE,3
487,BAC_2,15.95,14.75,16.8,False,0.425,D,0.473,0.015,0.353,0.924,0.171,1.0,15.83,Droit,0.825,0.787,3.83,4,False,0.884,ADMIS,5
488,BAC_1,12.01,10.18,10.02,False,-0.995,A,0.656,1.0,0.393,0.356,0.03,0.061,10.74,Informatique,0.688,0.898,-1.26,9,False,0.779,REORIENTE,4
489,LYCEE_1ERE,16.41,13.88,15.3,False,-0.552,B,1.0,0.558,0.98,0.793,0.234,0.423,15.2,Lettres,0.912,0.853,5.2,3,True,0.735,ADMIS,4
490,LYCEE_1ERE,16.14,17.0,14.19,True,-0.978,A,0.271,0.55,0.535,0.131,0.614,1.0,15.78,Lettres,0.845,0.741,5.78,4,False,0.675,ADMIS,4
491,BAC_2,11.19,12.31,12.86,False,0.837,D,0.617,1.0,0.559,0.356,0.579,0.029,12.12,Agronomie,0.762,0.861,1.12,4,True,0.725,ADMIS,5
492,COLLEGE,12.53,13.33,10.45,False,-1.036,NA,0.957,1.0,0.519,0.022,0.625,0.34,12.1,Informatique,0.0,0.968,0.1,1,False,0.57,ADMIS,4
493,BAC_2,15.1,15.17,12.77,True,-1.165,A,0.299,0.776,0.877,1.0,0.512,0.433,14.35,Communication,0.943,0.948,4.35,11,True,0.946,ADMIS,3
494,BAC_1,13.58,12.65,13.46,True,-0.062,D,0.654,0.434,0.076,0.172,0.654,1.0,13.23,Agronomie,0.796,0.845,2.23,11,True,0.874,ADMIS,4
495,COLLEGE,14.9,14.44,16.22,False,0.663,NA,0.453,1.0,0.56,0.604,0.752,0.525,15.19,Informatique,0.0,0.874,3.19,1,False,0.236,ADMIS,5
496,LYCEE_1ERE,10.29,9.92,10.85,False,0.281,E,0.754,0.2,0.567,0.807,1.0,0.189,10.35,Lettres,0.62,0.676,0.35,9,False,0.858,REORIENTE,3
497,BAC_2,14.24,13.07,15.5,True,0.633,D,0.625,1.0,0.013,0.728,0.483,0.228,14.27,Agronomie,0.879,0.914,3.27,4,True,0.762,ADMIS,4
498,BAC_1,11.62,15.18,16.57,False,2.476,C,0.644,0.372,0.709,0.977,0.26,1.0,14.45,Communication,0.86,0.802,4.45,11,True,0.718,ADMIS,3
499,LYCEE_TLE,14.93,16.64,15.15,True,0.109,E,0.063,0.851,0.104,1.0,0.238,0.867,15.57,Lettres,0.827,0.711,5.57,5,False,0.722,ADMIS,5
500,LYCEE_TLE,15.78,15.51,16.23,True,0.225,C,0.819,0.286,0.006,0.02,1.0,0.572,15.84,Gestion_Commerce,0.886,0.81,5.84,10,False,0.609,ADMIS,3
501,LYCEE_1ERE,10.67,16.64,12.74,False,1.036,G,1.0,0.462,0.405,0.08,0.786,0.164,13.35,Lettres,0.667,0.556,3.35,2,False,0.754,ADMIS,4
502,LYCEE_1ERE,13.54,12.2,10.31,True,-1.615,C,0.433,0.642,0.302,0.606,1.0,0.467,12.02,Lettres,0.709,0.713,2.02,4,True,0.728,ADMIS,4
503,LYCEE_TLE,9.74,11.45,9.81,False,0.036,D,0.171,1.0,0.174,0.83,0.213,0.783,10.33,Lettres,0.667,0.757,0.33,2,False,0.716,ADMIS,3
504,BAC_2,13.08,12.37,13.95,True,0.433,A,0.441,0.854,0.578,0.815,0.396,1.0,13.13,Lettres,0.835,0.85,3.13,8,False,0.923,ADMIS,4
505,BAC_3,9.75,11.8,10.34,False,0.296,B,0.897,0.805,0.604,1.0,0.005,0.707,10.63,Agronomie,0.709,0.872,-0.37,8,False,0.747,ADMIS,4
506,BAC_1,11.22,11.0,10.15,False,-0.535,C,0.64,0.377,0.259,1.0,1.0,0.535,10.79,Gestion_Commerce,0.767,0.892,0.79,4,False,0.895,ADMIS,5
507,BAC_3,11.43,12.23,12.84,False,0.707,C,0.714,1.0,0.824,0.649,0.54,0.99,12.17,Lettres,0.809,0.871,2.17,10,False,0.984,ADMIS,5
508,BAC_1,11.52,15.93,11.91,False,0.199,C,0.165,0.095,0.743,0.693,1.0,0.367,13.12,Gestion_Commerce,0.861,0.894,3.12,10,False,0.618,ADMIS,5
509,BAC_1,10.0,13.68,13.02,True,1.512,C,1.0,0.236,0.937,0.437,0.001,0.558,12.23,Lettres,0.742,0.754,2.23,10,False,0.912,ADMIS,5
510,BAC_1,13.28,14.48,14.67,False,0.695,G,0.275,0.746,1.0,0.376,0.405,0.472,14.14,Lettres,0.949,0.973,4.14,2,False,0.709,ADMIS,4
511,LYCEE_1ERE,15.26,13.57,14.21,False,-0.522,D,0.119,0.475,0.632,0.884,0.768,1.0,14.35,Lettres,0.862,0.813,4.35,5,False,0.691,ADMIS,4
512,BAC_1,8.96,10.93,13.23,False,2.135,G,0.098,0.931,0.329,0.95,0.998,1.0,11.04,Gestion_Commerce,0.788,0.911,1.04,6,False,0.709,ADMIS,3
513,BAC_2,16.41,16.54,17.98,True,0.789,E,0.486,0.362,0.608,1.0,0.765,0.168,16.98,Communication,0.951,0.918,6.98,5,True,0.64,ADMIS,4
514,LYCEE_TLE,10.45,11.97,11.16,False,0.355,C,0.748,0.869,0.158,1.0,0.515,0.885,11.2,Gestion_Commerce,0.706,0.764,1.2,11,False,0.682,ADMIS,4
515,LYCEE_TLE,9.22,10.97,10.71,False,0.742,C,0.696,0.404,0.971,0.91,1.0,0.796,10.3,Communication,0.761,0.915,0.3,9,True,0.669,REORIENTE,1
516,BAC_3,14.98,14.6,15.22,False,0.122,C,1.0,0.958,0.274,0.348,0.831,0.2,14.93,Agronomie,0.928,0.951,3.93,2,False,0.71,ADMIS,4
517,LYCEE_TLE,14.64,14.95,11.85,False,-1.396,A,0.801,0.358,1.0,0.266,0.487,0.313,13.81,Lettres,0.847,0.825,3.81,6,True,0.746,ADMIS,4
518,COLLEGE,10.58,10.12,12.27,True,0.843,NA,0.36,0.696,0.233,1.0,0.441,0.022,10.99,Communication,0.0,0.78,0.99,6,True,0.572,ADMIS,3
519,LYCEE_TLE,15.51,16.78,13.74,False,-0.885,G,0.369,0.967,1.0,0.118,0.28,0.259,15.34,Lettres,0.95,0.917,5.34,7,False,0.612,ADMIS,3
520,BAC_1,11.27,14.0,10.88,True,-0.191,C,0.712,0.104,1.0,1.0,0.554,0.544,12.05,Communication,0.826,0.907,2.05,6,False,0.742,ADMIS,4
521,LYCEE_TLE,9.37,9.25,10.43,False,0.532,C,0.386,0.597,1.0,0.621,0.343,0.112,9.68,Lettres,0.765,0.963,-0.32,4,False,0.768,ADMIS,5
522,BAC_1,12.92,13.01,14.59,False,0.833,G,0.7,0.456,1.0,0.898,0.148,0.839,13.5,Lettres,0.868,0.879,3.5,4,False,0.821,ADMIS,5
523,LYCEE_TLE,16.88,16.21,17.04,False,0.08,A,0.378,1.0,0.823,0.295,0.889,0.875,16.71,Lettres,0.908,0.846,6.71,8,False,0.823,ADMIS,4
524,BAC_1,15.84,12.52,13.82,True,-1.008,C,0.747,0.632,0.561,0.712,0.094,1.0,14.06,Lettres,0.832,0.783,4.06,3,True,0.773,ADMIS,3
525,BAC_3,9.86,10.54,8.67,False,-0.594,D,0.772,0.461,1.0,0.622,0.366,0.011,9.69,Lettres,0.704,0.861,-0.31,11,False,0.804,REORIENTE,3
526,LYCEE_TLE,10.58,13.81,11.27,False,0.346,G,0.171,0.227,0.802,0.94,1.0,0.278,11.88,Communication,0.849,0.956,1.88,3,False,0.729,ADMIS,4
527,BAC_1,9.63,10.46,10.53,False,0.452,G,0.323,0.115,1.0,0.698,0.066,0.389,10.21,Communication,0.744,0.893,0.21,6,False,0.935,ADMIS,4
528,BAC_3,11.62,12.78,9.82,True,-0.898,E,0.981,1.0,0.114,0.835,0.838,0.268,11.41,Agronomie,0.786,0.95,0.41,3,True,0.724,ADMIS,3
529,BAC_1,17.24,15.17,14.28,False,-1.477,A,0.836,0.34,0.483,0.596,0.239,1.0,15.56,Agronomie,0.895,0.855,4.56,2,False,0.754,ADMIS,4
530,LYCEE_TLE,13.55,12.25,12.54,False,-0.504,G,0.88,0.498,0.141,0.354,0.843,1.0,12.78,Gestion_Commerce,0.821,0.849,2.78,10,False,0.859,ADMIS,4
531,LYCEE_1ERE,9.61,11.68,12.05,False,1.216,D,0.1,0.755,0.077,0.77,1.0,0.611,11.11,Lettres,0.636,0.652,1.11,9,False,0.837,ADMIS,4
532,COLLEGE,13.83,9.78,10.76,False,-1.536,NA,1.0,0.749,0.108,0.753,0.075,0.098,11.46,Communication,0.0,0.532,1.46,1,False,0.261,REORIENTE,3
533,LYCEE_2ND,14.2,11.99,12.84,False,-0.676,NA,0.676,0.877,0.127,1.0,0.46,0.818,13.01,Medecine,0.0,0.954,-1.99,0,False,0.453,REORIENTE,2
534,LYCEE_2ND,11.08,8.8,11.5,False,0.207,NA,0.221,0.172,0.534,0.082,0.349,1.0,10.46,Informatique,0.0,0.625,-1.54,0,False,0.523,REORIENTE,3
535,LYCEE_1ERE,13.62,15.04,13.2,False,-0.21,B,0.21,1.0,0.648,0.806,0.393,0.938,13.95,Lettres,0.891,0.888,3.95,2,False,0.767,ADMIS,5
536,LYCEE_1ERE,13.89,11.86,11.3,False,-1.292,B,0.793,0.193,0.499,1.0,0.782,0.564,12.35,Lettres,0.713,0.698,2.35,5,False,0.702,ADMIS,5
537,BAC_1,11.42,11.48,12.39,False,0.483,D,0.629,0.012,1.0,0.96,0.286,0.569,11.76,Communication,0.795,0.874,1.76,4,False,0.737,ADMIS,5
538,BAC_3,10.54,8.77,10.28,False,-0.132,D,0.327,0.132,0.765,1.0,0.729,0.394,9.86,Communication,0.762,0.947,-0.14,7,False,0.651,ADMIS,3
539,BAC_3,14.43,15.74,17.9,False,1.733,G,1.0,0.157,0.004,0.439,0.736,0.073,16.02,Agronomie,0.916,0.86,5.02,2,False,0.544,ADMIS,4
540,BAC_2,10.75,9.88,11.6,False,0.422,C,0.189,0.568,1.0,0.763,0.155,0.112,10.74,Lettres,0.812,0.971,0.74,4,False,0.764,ADMIS,5
541,BAC_2,14.31,12.92,9.74,False,-2.282,D,1.0,0.422,0.185,0.426,0.956,0.154,12.33,Agronomie,0.794,0.902,1.33,4,True,0.888,ADMIS,5
542,LYCEE_1ERE,10.26,12.66,14.89,True,2.313,C,0.886,0.686,1.0,0.79,0.648,0.567,12.6,Lettres,0.833,0.881,2.6,2,False,0.792,ADMIS,3
543,LYCEE_1ERE,9.64,10.99,10.03,False,0.194,A,0.575,1.0,0.507,0.962,0.08,0.588,10.22,Lettres,0.716,0.845,0.22,3,False,0.845,ADMIS,3
544,BAC_1,10.34,11.03,15.51,True,2.583,G,0.35,0.789,0.873,1.0,0.506,0.153,12.29,Communication,0.857,0.942,2.29,6,False,0.601,ADMIS,4
545,LYCEE_TLE,13.66,13.1,11.87,False,-0.895,C,0.602,0.439,0.969,0.79,1.0,0.947,12.87,Communication,0.856,0.902,2.87,3,True,0.617,ADMIS,4
546,BAC_2,13.52,10.89,12.55,False,-0.489,C,0.835,0.165,0.845,1.0,0.913,0.787,12.32,Communication,0.815,0.87,2.32,11,True,0.671,ADMIS,4
547,BAC_1,13.35,12.78,14.21,False,0.432,D,1.0,0.795,0.719,0.458,0.509,0.409,13.45,Agronomie,0.861,0.939,2.45,6,False,0.782,ADMIS,5
548,BAC_2,13.14,12.86,10.9,False,-1.123,B,0.724,1.0,0.928,0.144,0.503,0.599,12.3,Lettres,0.806,0.857,2.3,3,True,0.726,ADMIS,3
549,BAC_1,13.18,12.79,13.78,False,0.3,A,0.562,0.265,0.256,0.955,1.0,0.818,13.25,Gestion_Commerce,0.889,0.932,3.25,6,False,0.678,ADMIS,5
550,BAC_2,11.92,11.57,12.76,False,0.422,A,1.0,0.864,0.32,0.875,0.685,0.67,12.09,Agronomie,0.823,0.966,1.09,8,False,0.651,ADMIS,4
551,LYCEE_1ERE,10.8,8.32,11.37,False,0.288,G,0.449,0.202,1.0,0.028,0.501,0.833,10.16,Lettres,0.671,0.774,0.16,3,False,0.709,ADMIS,5
552,LYCEE_1ERE,10.51,12.37,14.49,False,1.989,C,0.016,1.0,0.902,0.035,0.064,0.878,12.46,Lettres,0.808,0.849,2.46,10,False,0.72,ADMIS,4
553,LYCEE_TLE,11.3,10.95,11.15,False,-0.079,D,1.0,0.535,0.291,0.663,0.565,0.495,11.13,Gestion_Commerce,0.682,0.728,1.13,11,False,0.831,ADMIS,4
554,BAC_2,6.0,6.0,6.0,False,0.0,G,0.545,0.192,0.887,0.949,0.819,1.0,6.0,Communication,0.57,0.883,-4.0,8,False,0.668,REORIENTE,3
555,LYCEE_2ND,16.05,15.77,12.73,True,-1.662,NA,0.346,1.0,0.243,0.806,0.186,0.68,14.85,Droit,0.0,0.872,2.85,2,False,0.756,ADMIS,5
556,LYCEE_TLE,11.72,14.28,12.31,False,0.296,A,0.479,0.689,1.0,0.757,0.541,0.829,12.77,Lettres,0.869,0.93,2.77,11,False,0.701,ADMIS,4
557,LYCEE_1ERE,13.73,12.29,11.98,False,-0.873,D,0.896,0.433,0.033,1.0,0.838,0.298,12.67,Lettres,0.634,0.545,2.67,6,False,0.859,ADMIS,4
558,BAC_1,11.98,12.98,11.0,True,-0.491,D,0.959,0.474,1.0,0.416,0.367,0.871,11.99,Lettres,0.768,0.815,1.99,11,True,0.888,ADMIS,3
559,LYCEE_1ERE,16.33,14.2,13.6,True,-1.364,D,0.853,0.879,0.971,0.098,1.0,0.22,14.71,Lettres,0.851,0.771,4.71,8,False,0.65,ADMIS,5
560,BAC_1,17.05,18.54,15.7,False,-0.671,D,0.325,0.27,1.0,0.981,0.531,0.958,17.1,Communication,0.945,0.909,7.1,8,False,0.809,ADMIS,3
561,LYCEE_2ND,12.28,13.72,12.46,False,0.086,NA,0.77,1.0,0.669,0.15,0.675,0.122,12.82,Agronomie,0.0,0.865,1.82,0,False,0.524,ADMIS,4
562,BAC_2,12.49,9.61,10.69,False,-0.9,E,0.567,0.853,1.0,0.807,0.633,0.072,10.93,Communication,0.794,0.928,0.93,10,True,0.695,ADMIS,5
563,BAC_1,11.57,10.15,9.15,True,-1.211,G,1.0,0.523,0.092,0.135,0.724,0.986,10.29,Gestion_Commerce,0.669,0.763,0.29,7,True,0.814,ADMIS,4
564,BAC_1,12.18,9.84,13.05,True,0.434,A,0.761,0.244,0.996,0.926,1.0,0.837,11.69,Communication,0.807,0.899,1.69,6,False,0.842,ADMIS,5
565,LYCEE_TLE,12.22,9.32,14.07,False,0.921,D,0.682,0.916,0.082,0.512,1.0,0.422,11.87,Gestion_Commerce,0.768,0.823,1.87,5,False,0.519,ADMIS,3
566,BAC_3,10.92,9.67,13.1,False,1.088,A,0.432,0.724,1.0,0.171,0.168,0.75,11.23,Lettres,0.791,0.903,1.23,4,False,0.799,ADMIS,5
567,BAC_1,15.14,14.86,12.92,True,-1.113,D,0.235,1.0,0.567,0.984,0.167,0.411,14.31,Lettres,0.909,0.895,4.31,5,False,1.0,ADMIS,4
568,BAC_2,11.29,14.17,13.69,False,1.2,C,1.0,0.712,0.787,0.986,0.249,0.59,13.05,Agronomie,0.815,0.889,2.05,6,False,0.775,ADMIS,5
569,BAC_2,13.34,14.09,11.87,False,-0.738,C,1.0,0.427,0.063,0.478,0.872,0.577,13.1,Gestion_Commerce,0.807,0.806,3.1,11,False,0.709,ADMIS,2
570,LYCEE_TLE,9.61,9.12,10.79,False,0.589,A,0.589,0.793,0.328,0.154,1.0,0.947,9.84,Gestion_Commerce,0.72,0.878,-0.16,3,False,0.714,ADMIS,4
571,BAC_1,10.77,12.86,9.67,False,-0.554,C,0.618,0.457,1.0,0.867,0.528,0.812,11.1,Communication,0.791,0.911,1.1,3,True,0.834,ADMIS,5
572,BAC_2,10.15,9.93,11.27,False,0.559,D,0.003,0.259,1.0,0.162,0.419,0.236,10.45,Communication,0.763,0.908,0.45,5,False,0.895,ADMIS,4
573,LYCEE_1ERE,13.5,14.47,13.76,False,0.127,G,0.23,0.035,0.284,0.514,0.408,1.0,13.91,Lettres,0.717,0.6,3.91,9,False,0.658,ADMIS,5
574,BAC_2,10.75,8.17,6.64,True,-2.059,G,0.618,1.0,0.251,0.07,0.859,0.5,8.52,Informatique,0.622,0.936,-3.48,2,True,0.884,ADMIS,5
575,LYCEE_1ERE,11.99,14.85,12.63,False,0.321,G,0.512,0.979,1.0,0.032,0.402,0.551,13.16,Lettres,0.854,0.879,3.16,3,False,0.826,ADMIS,5
576,BAC_1,12.9,11.86,12.29,False,-0.306,E,0.279,0.95,0.76,0.934,1.0,0.721,12.35,Communication,0.838,0.907,2.35,4,True,0.552,ADMIS,3
577,BAC_2,16.15,18.56,14.21,False,-0.971,E,0.788,0.99,0.576,0.098,0.978,1.0,16.31,Agronomie,0.92,0.866,5.31,7,False,0.584,ADMIS,5
578,LYCEE_1ERE,14.31,11.42,13.48,False,-0.416,C,0.992,0.077,0.12,1.0,0.794,0.763,13.07,Lettres,0.628,0.509,3.07,2,False,0.728,ADMIS,5
579,LYCEE_TLE,13.65,12.18,13.06,False,-0.297,D,0.525,0.583,0.032,0.062,0.419,1.0,12.96,Gestion_Commerce,0.761,0.737,2.96,7,False,0.649,ADMIS,3
580,BAC_1,11.41,14.22,10.8,True,-0.306,E,0.526,0.04,0.445,1.0,0.126,0.551,12.14,Communication,0.739,0.755,2.14,7,False,0.693,ADMIS,5
581,BAC_1,15.17,15.17,10.49,False,-2.343,G,0.311,0.297,0.359,0.247,0.532,1.0,13.61,Gestion_Commerce,0.868,0.873,3.61,4,True,0.701,ADMIS,5
582,BAC_2,17.11,19.0,17.04,False,-0.034,D,0.024,0.215,0.393,1.0,0.678,0.542,17.71,Droit,0.935,0.891,5.71,11,False,0.64,ADMIS,5
583,BAC_3,14.96,13.3,14.97,False,0.007,C,0.664,0.555,1.0,0.174,0.32,0.921,14.41,Lettres,0.878,0.837,4.41,10,True,0.769,ADMIS,3
584,COLLEGE,11.25,10.55,11.23,False,-0.007,NA,0.547,0.659,0.422,0.375,1.0,0.485,11.01,Lettres,0.0,0.722,1.01,10,True,0.769,ADMIS,4
585,LYCEE_TLE,12.59,11.28,15.03,False,1.217,C,0.992,0.179,0.148,0.142,1.0,0.16,12.97,Gestion_Commerce,0.743,0.708,2.97,11,True,0.812,ADMIS,3
586,BAC_2,12.14,9.98,10.94,False,-0.601,C,0.791,0.685,0.579,1.0,0.473,0.624,11.02,Communication,0.739,0.831,1.02,11,False,0.918,ADMIS,4
587,BAC_1,13.57,15.14,12.1,False,-0.736,G,0.866,1.0,0.731,0.95,0.549,0.134,13.61,Communication,0.845,0.835,3.61,8,False,0.719,ADMIS,4
588,BAC_2,10.67,11.56,9.87,True,-0.399,D,0.96,1.0,0.749,0.059,0.299,0.209,10.7,Agronomie,0.708,0.867,-0.3,9,False,0.88,REORIENTE,3
589,BAC_1,12.84,12.39,12.83,True,-0.005,C,0.051,1.0,0.575,0.723,0.571,0.723,12.69,Communication,0.812,0.84,2.69,8,True,0.797,ADMIS,3
590,BAC_1,14.57,12.26,13.72,False,-0.422,A,0.837,0.934,0.856,1.0,0.494,0.688,13.52,Lettres,0.872,0.886,3.52,5,False,0.813,ADMIS,5
591,BAC_1,15.42,11.2,14.88,False,-0.272,D,0.462,0.311,0.069,1.0,0.44,0.524,13.83,Gestion_Commerce,0.818,0.774,3.83,4,False,0.509,ADMIS,5
592,BAC_2,14.28,14.68,15.92,False,0.82,E,0.786,0.246,0.307,1.0,0.588,0.801,14.96,Gestion_Commerce,0.883,0.808,4.96,9,False,0.675,ADMIS,3
593,BAC_1,11.51,14.51,8.98,True,-1.265,C,1.0,0.193,0.881,0.888,0.511,0.616,11.67,Communication,0.768,0.836,1.67,9,True,0.806,REORIENTE,2
594,BAC_2,11.83,12.06,11.76,False,-0.038,D,0.471,0.832,0.336,1.0,0.75,0.398,11.88,Communication,0.773,0.829,1.88,10,True,0.698,ADMIS,3
595,LYCEE_TLE,15.17,14.3,14.17,False,-0.502,C,0.819,0.013,0.286,0.565,0.506,1.0,14.55,Gestion_Commerce,0.852,0.783,4.55,11,True,0.588,ADMIS,2
596,BAC_1,16.12,15.02,15.17,False,-0.476,B,0.264,0.925,1.0,0.243,0.213,0.385,15.44,Lettres,0.973,0.955,5.44,7,False,0.857,ADMIS,4
597,BAC_1,12.02,12.48,11.69,False,-0.165,C,0.574,0.285,0.568,0.305,1.0,0.756,12.06,Gestion_Commerce,0.837,0.923,2.06,4,False,0.664,ADMIS,4
598,COLLEGE,13.58,11.75,13.76,False,0.091,NA,0.688,0.272,0.475,0.697,0.873,1.0,13.03,Informatique,0.0,0.734,1.03,0,False,0.039,ADMIS,4
599,BAC_2,15.57,15.35,11.92,False,-1.828,G,0.583,0.304,0.935,0.262,0.6,1.0,14.28,Communication,0.85,0.797,4.28,11,False,0.647,ADMIS,5
